match,league,date,market,selection,model_prob,bookmaker_odds,implied_prob,edge,kelly_stake,confidence,timestamp
Caen vs Beerschot VA,La Liga,2026-02-27,1X2,Draw (X),0.5993,3.25,0.3077,0.2916,105.31,HIGH,2026-02-25T11:32:37
Caen vs Beerschot VA,La Liga,2026-02-27,Totals,Under 2.5,0.9769,1.64,0.6098,0.3671,235.19,HIGH,2026-02-25T11:32:37
Marseille vs Rennes,La Liga,2026-02-28,1X2,Draw (X),0.5993,7.3,0.137,0.4623,133.93,HIGH,2026-02-25T11:33:13
Marseille vs Rennes,La Liga,2026-02-28,Totals,Under 2.5,0.9769,3.5,0.2857,0.6912,241.91,HIGH,2026-02-25T11:33:13
Marseille vs Rennes,La Liga,2026-02-28,Totals,Under 3.5,0.9966,2.2,0.4545,0.5421,248.46,HIGH,2026-02-25T11:33:13
Dijon vs Nimes,La Liga,2026-02-28,1X2,Draw (X),0.5993,3.3,0.303,0.2963,106.28,HIGH,2026-02-25T11:33:31
Dijon vs Nimes,La Liga,2026-02-28,Totals,Under 2.5,0.9769,1.81,0.5525,0.4244,237.09,HIGH,2026-02-25T11:33:31
Wolverhampton Wanderers vs Aston Villa,Премьер-лига,2026-02-27,20:00,Тотал,Больше 2.5,0.5727,1.98,0.5051,0.0677,34.17,✅ СРЕДНЯЯ,2026-02-26T19:04:07
Haugesund vs Brentford,Премьер-лига,2026-02-28,15:00,Исход,Ничья (X),0.5511,4.1,0.2439,0.3072,101.56,🔥 ВЫСОКАЯ,2026-02-26T19:04:48
Haugesund vs Brentford,Премьер-лига,2026-02-28,15:00,Тотал,Меньше 2.5,0.9637,2.04,0.4902,0.4735,232.2,🔥 ВЫСОКАЯ,2026-02-26T19:04:48
Liverpool vs West Ham United,Премьер-лига,2026-02-28,15:00,Исход,Победа хозяев (1),0.922,1.45,0.6897,0.2324,187.2,🔥 ВЫСОКАЯ,2026-02-26T19:04:49
Liverpool vs West Ham United,Премьер-лига,2026-02-28,15:00,Тотал,Больше 2.5,0.8217,1.4,0.7143,0.1074,93.96,🔥 ВЫСОКАЯ,2026-02-26T19:04:49
Liverpool vs West Ham United,Премьер-лига,2026-02-28,15:00,Тотал,Больше 3.5,0.6518,2.2,0.4545,0.1972,90.4,🔥 ВЫСОКАЯ,2026-02-26T19:04:49
Newcastle United vs Everton,Премьер-лига,2026-02-28,15:00,Исход,Победа хозяев (1),0.8092,1.79,0.5587,0.2505,141.9,🔥 ВЫСОКАЯ,2026-02-26T19:04:49
Newcastle United vs Everton,Премьер-лига,2026-02-28,15:00,Тотал,Больше 2.5,0.6509,1.81,0.5525,0.0985,55.0,🔥 ВЫСОКАЯ,2026-02-26T19:04:49
Wisla Plock vs Manchester City,Премьер-лига,2026-02-28,17:30,Исход,Ничья (X),0.574,4.6,0.2174,0.3566,113.9,🔥 ВЫСОКАЯ,2026-02-26T19:05:04
Wisla Plock vs Manchester City,Премьер-лига,2026-02-28,17:30,Тотал,Меньше 1.5,0.8575,4.65,0.2151,0.6424,204.61,🔥 ВЫСОКАЯ,2026-02-26T19:05:04
Wisla Plock vs Manchester City,Премьер-лига,2026-02-28,17:30,Тотал,Меньше 2.5,0.9704,2.46,0.4065,0.5639,237.52,🔥 ВЫСОКАЯ,2026-02-26T19:05:04
Brighton & Hove Albion vs Nottingham Forest,Премьер-лига,2026-03-01,14:00,Исход,Победа хозяев (1),0.6513,2.16,0.463,0.1883,87.65,🔥 ВЫСОКАЯ,2026-02-26T19:05:05
Fulham vs Tottenham Hotspur,Премьер-лига,2026-03-01,14:00,Исход,Победа хозяев (1),0.5898,2.18,0.4587,0.1311,60.54,🔥 ВЫСОКАЯ,2026-02-26T19:05:05
Fulham vs Tottenham Hotspur,Премьер-лига,2026-03-01,14:00,Тотал,Больше 2.5,0.6335,1.8,0.5556,0.0779,43.83,🔥 ВЫСОКАЯ,2026-02-26T19:05:05
Arsenal vs Chelsea,Премьер-лига,2026-03-01,16:30,Исход,Победа хозяев (1),0.7256,1.66,0.6024,0.1231,77.43,🔥 ВЫСОКАЯ,2026-02-26T19:05:06
Arsenal vs Chelsea,Премьер-лига,2026-03-01,16:30,Тотал,Больше 2.5,0.6784,1.79,0.5587,0.1197,67.8,🔥 ВЫСОКАЯ,2026-02-26T19:05:06
Everton vs Haugesund,Премьер-лига,2026-03-03,19:30,Исход,Ничья (X),0.5951,3.9,0.2564,0.3387,113.87,🔥 ВЫСОКАЯ,2026-02-26T19:05:06
Everton vs Haugesund,Премьер-лига,2026-03-03,19:30,Тотал,Меньше 2.5,0.9759,1.95,0.5128,0.4631,237.63,🔥 ВЫСОКАЯ,2026-02-26T19:05:06
Wisla Plock vs Sunderland,Премьер-лига,2026-03-03,19:30,Исход,Ничья (X),0.5615,3.72,0.2688,0.2927,100.06,🔥 ВЫСОКАЯ,2026-02-26T19:05:07
Wisla Plock vs Sunderland,Премьер-лига,2026-03-03,19:30,Тотал,Меньше 2.5,0.9669,1.83,0.5464,0.4205,231.76,🔥 ВЫСОКАЯ,2026-02-26T19:05:07
Aston Villa vs Chelsea,Премьер-лига,2026-03-04,19:30,Исход,Победа хозяев (1),0.5492,2.78,0.3597,0.1895,74.0,🔥 ВЫСОКАЯ,2026-02-26T19:05:20
Aston Villa vs Chelsea,Премьер-лига,2026-03-04,19:30,Тотал,Больше 2.5,0.6586,1.72,0.5814,0.0772,46.12,🔥 ВЫСОКАЯ,2026-02-26T19:05:20
Manchester City vs Nottingham Forest,Премьер-лига,2026-03-04,19:30,Исход,Победа хозяев (1),0.8042,1.42,0.7042,0.1,84.51,🔥 ВЫСОКАЯ,2026-02-26T19:05:21
Brighton & Hove Albion vs Arsenal,Премьер-лига,2026-03-04,19:30,Тотал,Больше 2.5,0.561,1.96,0.5102,0.0508,25.93,✅ СРЕДНЯЯ,2026-02-26T19:05:21
Fulham vs West Ham United,Премьер-лига,2026-03-04,19:30,Исход,Победа хозяев (1),0.6875,2.1,0.4762,0.2113,100.86,🔥 ВЫСОКАЯ,2026-02-26T19:05:22
Fulham vs West Ham United,Премьер-лига,2026-03-04,19:30,Тотал,Больше 2.5,0.5959,1.87,0.5348,0.0612,32.87,🔥 ВЫСОКАЯ,2026-02-26T19:05:22
Newcastle United vs Manchester United,Премьер-лига,2026-03-04,20:15,Исход,Победа хозяев (1),0.757,2.54,0.3937,0.3633,149.78,🔥 ВЫСОКАЯ,2026-02-26T19:05:23
Caen vs Beerschot VA,Ла Лига,2026-02-27,20:00,Исход,Ничья (X),0.5993,3.25,0.3077,0.2916,105.31,🔥 ВЫСОКАЯ,2026-02-26T19:05:52
Caen vs Beerschot VA,Ла Лига,2026-02-27,20:00,Тотал,Меньше 2.5,0.9769,1.64,0.6098,0.3671,235.19,🔥 ВЫСОКАЯ,2026-02-26T19:05:52
Barcelona vs Villarreal CF,Ла Лига,2026-02-28,15:15,Исход,Победа хозяев (1),0.8564,1.35,0.7407,0.1157,111.52,🔥 ВЫСОКАЯ,2026-02-26T19:05:53
Barcelona vs Villarreal CF,Ла Лига,2026-02-28,15:15,Тотал,Больше 3.5,0.6066,1.79,0.5587,0.0479,27.13,🔥 ВЫСОКАЯ,2026-02-26T19:05:53
RCD Mallorca vs Real Sociedad de Fútbol,Ла Лига,2026-02-28,17:30,Тотал,Меньше 2.5,0.6035,1.83,0.5464,0.057,31.44,🔥 ВЫСОКАЯ,2026-02-26T19:05:53
Real Oviedo vs Club Atlético de Madrid,Ла Лига,2026-02-28,20:00,Исход,Победа хозяев (1),0.6673,5.9,0.1695,0.4978,149.86,🔥 ВЫСОКАЯ,2026-02-26T19:05:54
Real Oviedo vs Club Atlético de Madrid,Ла Лига,2026-02-28,20:00,Тотал,Больше 2.5,0.7313,2.15,0.4651,0.2662,124.43,🔥 ВЫСОКАЯ,2026-02-26T19:05:54
V-varen Nagasaki vs RCD Espanyol de Barcelona,Ла Лига,2026-03-01,13:00,Исход,Ничья (X),0.5478,3.31,0.3021,0.2456,87.99,🔥 ВЫСОКАЯ,2026-02-26T19:06:09
V-varen Nagasaki vs RCD Espanyol de Barcelona,Ла Лига,2026-03-01,13:00,Тотал,Меньше 2.5,0.9626,1.88,0.5319,0.4307,230.05,🔥 ВЫСОКАЯ,2026-02-26T19:06:09
Valencia CF vs CA Osasuna,Ла Лига,2026-03-01,15:15,Исход,Победа хозяев (1),0.5278,2.52,0.3968,0.131,54.3,🔥 ВЫСОКАЯ,2026-02-26T19:06:09
Valencia CF vs CA Osasuna,Ла Лига,2026-03-01,15:15,Тотал,Больше 2.5,0.5119,2.34,0.4274,0.0846,36.92,✅ СРЕДНЯЯ,2026-02-26T19:06:09
Real Betis Balompié vs Sevilla,Ла Лига,2026-03-01,17:30,Исход,Победа хозяев (1),0.6644,1.89,0.5291,0.1353,71.82,🔥 ВЫСОКАЯ,2026-02-26T19:06:10
Real Betis Balompié vs Sevilla,Ла Лига,2026-03-01,17:30,Тотал,Больше 2.5,0.5688,2.06,0.4854,0.0834,40.52,🔥 ВЫСОКАЯ,2026-02-26T19:06:10
Oita Trinita vs RC Celta de Vigo,Ла Лига,2026-03-01,20:00,Исход,Ничья (X),0.5408,3.45,0.2899,0.251,88.36,🔥 ВЫСОКАЯ,2026-02-26T19:06:25
Oita Trinita vs RC Celta de Vigo,Ла Лига,2026-03-01,20:00,Тотал,Меньше 2.5,0.9604,1.91,0.5236,0.4368,229.2,🔥 ВЫСОКАЯ,2026-02-26T19:06:25
Real Madrid CF vs Getafe CF,Ла Лига,2026-03-02,20:00,Исход,Победа хозяев (1),0.9053,1.34,0.7463,0.1591,156.73,🔥 ВЫСОКАЯ,2026-02-26T19:06:25
Real Madrid CF vs Getafe CF,Ла Лига,2026-03-02,20:00,Тотал,Больше 2.5,0.7672,1.87,0.5348,0.2325,124.93,🔥 ВЫСОКАЯ,2026-02-26T19:06:25
Rayo Vallecano de Madrid vs Real Oviedo,Ла Лига,2026-03-04,18:00,Тотал,Больше 2.5,0.6067,2.15,0.4651,0.1415,66.16,🔥 ВЫСОКАЯ,2026-02-26T19:06:26
Parma Calcio 1913 vs Cagliari Calcio,Серия А,2026-02-27,19:45,Исход,Победа хозяев (1),0.5923,2.58,0.3876,0.2047,83.58,🔥 ВЫСОКАЯ,2026-02-26T19:06:27
Parma Calcio 1913 vs Cagliari Calcio,Серия А,2026-02-27,19:45,Тотал,Больше 1.5,0.767,1.47,0.6803,0.0867,67.78,🔥 ВЫСОКАЯ,2026-02-26T19:06:27
Parma Calcio 1913 vs Cagliari Calcio,Серия А,2026-02-27,19:45,Тотал,Больше 2.5,0.5278,2.68,0.3731,0.1547,61.68,🔥 ВЫСОКАЯ,2026-02-26T19:06:27
Como 1907 vs US Lecce,Серия А,2026-02-28,14:00,Тотал,Больше 2.5,0.564,2.06,0.4854,0.0786,38.18,✅ СРЕДНЯЯ,2026-02-26T19:06:27
Hellas Verona vs SSC Napoli,Серия А,2026-02-28,17:00,Тотал,Больше 2.5,0.5997,2.35,0.4255,0.1742,75.81,🔥 ВЫСОКАЯ,2026-02-26T19:06:28
Newells Old Boys vs AC Milan,Серия А,2026-03-01,11:30,Исход,Ничья (X),0.5828,4.43,0.2257,0.3571,115.3,🔥 ВЫСОКАЯ,2026-02-26T19:07:23
Newells Old Boys vs AC Milan,Серия А,2026-03-01,11:30,Тотал,Меньше 2.5,0.9728,1.98,0.5051,0.4678,236.28,🔥 ВЫСОКАЯ,2026-02-26T19:07:23
Flandria vs Atalanta BC,Серия А,2026-03-01,14:00,Исход,Ничья (X),0.574,3.75,0.2667,0.3073,104.76,🔥 ВЫСОКАЯ,2026-02-26T19:07:38
Flandria vs Atalanta BC,Серия А,2026-03-01,14:00,Тотал,Меньше 2.5,0.9704,2.06,0.4854,0.4849,235.61,🔥 ВЫСОКАЯ,2026-02-26T19:07:38
Torino vs SS Lazio,Серия А,2026-03-01,17:00,Тотал,Больше 2.5,0.5502,2.54,0.3937,0.1565,64.53,🔥 ВЫСОКАЯ,2026-02-26T19:07:39
AS Roma vs Juventus,Серия А,2026-03-01,19:45,Исход,Победа хозяев (1),0.586,2.76,0.3623,0.2237,87.69,🔥 ВЫСОКАЯ,2026-02-26T19:07:39
AS Roma vs Juventus,Серия А,2026-03-01,19:45,Тотал,Больше 2.5,0.5592,2.37,0.4219,0.1372,59.35,🔥 ВЫСОКАЯ,2026-02-26T19:07:39
AC Pisa 1909 vs Bologna 1909,Серия А,2026-03-02,17:30,Исход,Победа хозяев (1),0.6947,4.15,0.241,0.4538,149.45,🔥 ВЫСОКАЯ,2026-02-26T19:07:40
AC Pisa 1909 vs Bologna 1909,Серия А,2026-03-02,17:30,Тотал,Больше 2.5,0.6384,2.24,0.4464,0.1919,86.68,🔥 ВЫСОКАЯ,2026-02-26T19:07:40
Udinese Calcio vs ACF Fiorentina,Серия А,2026-03-02,19:45,Тотал,Больше 2.5,0.5406,2.09,0.4785,0.0621,29.76,✅ СРЕДНЯЯ,2026-02-26T19:07:41
Augsburg vs Belgium,Бундеслига,2026-02-27,19:30,Исход,Ничья (X),0.5833,3.65,0.274,0.3093,106.5,🔥 ВЫСОКАЯ,2026-02-26T19:07:56
Augsburg vs Belgium,Бундеслига,2026-02-27,19:30,Тотал,Меньше 2.5,0.973,2.17,0.4608,0.5121,237.46,🔥 ВЫСОКАЯ,2026-02-26T19:07:56
Borussia Mönchengladbach vs 1. Union Berlin,Бундеслига,2026-02-28,14:30,Исход,Победа хозяев (1),0.8517,2.49,0.4016,0.4501,188.05,🔥 ВЫСОКАЯ,2026-02-26T19:07:56
Borussia Mönchengladbach vs 1. Union Berlin,Бундеслига,2026-02-28,14:30,Тотал,Больше 2.5,0.7448,2.12,0.4717,0.2731,129.24,🔥 ВЫСОКАЯ,2026-02-26T19:07:56
SV Werder Bremen vs 1. Heidenheim 1846,Бундеслига,2026-02-28,14:30,Исход,Победа хозяев (1),0.6754,1.84,0.5435,0.1319,72.25,🔥 ВЫСОКАЯ,2026-02-26T19:07:57
TSG 1899 Hoffenheim vs St. Pauli 1910,Бундеслига,2026-02-28,14:30,Исход,Победа хозяев (1),0.7065,1.52,0.6579,0.0486,35.49,🔥 ВЫСОКАЯ,2026-02-26T19:07:57
TSG 1899 Hoffenheim vs St. Pauli 1910,Бундеслига,2026-02-28,14:30,Тотал,Больше 2.5,0.6278,1.83,0.5464,0.0814,44.87,🔥 ВЫСОКАЯ,2026-02-26T19:07:57
Bayer 04 Leverkusen vs 1. FSV Mainz 05,Бундеслига,2026-02-28,14:30,Исход,Победа хозяев (1),0.8753,1.75,0.5714,0.3039,177.28,🔥 ВЫСОКАЯ,2026-02-26T19:07:58
Bayer 04 Leverkusen vs 1. FSV Mainz 05,Бундеслига,2026-02-28,14:30,Тотал,Больше 2.5,0.7339,1.73,0.578,0.1558,92.33,🔥 ВЫСОКАЯ,2026-02-26T19:07:58
Borussia Dortmund vs Bayern München,Бундеслига,2026-02-28,17:30,Исход,Победа хозяев (1),0.505,5.0,0.2,0.305,95.3,🔥 ВЫСОКАЯ,2026-02-26T19:07:59
VfB Stuttgart vs VfL Wolfsburg,Бундеслига,2026-03-01,14:30,Исход,Победа хозяев (1),0.6982,1.59,0.6289,0.0692,46.65,🔥 ВЫСОКАЯ,2026-02-26T19:07:59
Eintracht Frankfurt vs SC Freiburg,Бундеслига,2026-03-01,16:30,Исход,Победа хозяев (1),0.6709,2.28,0.4386,0.2323,103.45,🔥 ВЫСОКАЯ,2026-02-26T19:08:00
Eintracht Frankfurt vs SC Freiburg,Бундеслига,2026-03-01,16:30,Тотал,Больше 2.5,0.6112,1.84,0.5435,0.0677,37.07,🔥 ВЫСОКАЯ,2026-02-26T19:08:00
Uruguay vs RB Leipzig,Бундеслига,2026-03-01,18:30,Исход,Ничья (X),0.5715,4.0,0.25,0.3215,107.16,🔥 ВЫСОКАЯ,2026-02-26T19:08:15
Uruguay vs RB Leipzig,Бундеслига,2026-03-01,18:30,Тотал,Меньше 2.5,0.9696,2.4,0.4167,0.553,236.98,🔥 ВЫСОКАЯ,2026-02-26T19:08:15
Uruguay vs RB Leipzig,Бундеслига,2026-03-01,18:30,Тотал,Меньше 3.5,0.9951,1.65,0.6061,0.389,246.89,🔥 ВЫСОКАЯ,2026-02-26T19:08:15
Uruguay vs Bayer 04 Leverkusen,Бундеслига,2026-03-04,19:30,Исход,Ничья (X),0.571,3.8,0.2632,0.3079,104.46,🔥 ВЫСОКАЯ,2026-02-26T19:08:15
Uruguay vs Bayer 04 Leverkusen,Бундеслига,2026-03-04,19:30,Тотал,Меньше 2.5,0.9697,2.2,0.4545,0.5151,236.1,🔥 ВЫСОКАЯ,2026-02-26T19:08:15
RC Strasbourg Alsace vs Racing Club de Lens,Лига 1,2026-02-27,19:45,Исход,Победа хозяев (1),0.5417,2.5,0.4,0.1417,59.05,🔥 ВЫСОКАЯ,2026-02-26T19:08:16
Wolverhampton Wanderers vs Aston Villa,Премьер-лига,2026-02-27,20:00,Тотал,Больше 2.5,0.5727,2.04,0.4902,0.0825,40.46,🔥 ВЫСОКАЯ,2026-02-26T19:27:56
Liverpool vs West Ham United,Премьер-лига,2026-02-28,15:00,Исход,Победа хозяев (1),0.922,1.45,0.6897,0.2324,187.2,🔥 ВЫСОКАЯ,2026-02-26T19:28:24
Liverpool vs West Ham United,Премьер-лига,2026-02-28,15:00,Тотал,Больше 2.5,0.8217,1.4,0.7143,0.1074,93.96,🔥 ВЫСОКАЯ,2026-02-26T19:28:24
Liverpool vs West Ham United,Премьер-лига,2026-02-28,15:00,Тотал,Больше 3.5,0.6518,2.2,0.4545,0.1972,90.4,🔥 ВЫСОКАЯ,2026-02-26T19:28:24
Newcastle United vs Everton,Премьер-лига,2026-02-28,15:00,Исход,Победа хозяев (1),0.8092,1.79,0.5587,0.2505,141.9,🔥 ВЫСОКАЯ,2026-02-26T19:28:25
Newcastle United vs Everton,Премьер-лига,2026-02-28,15:00,Тотал,Больше 2.5,0.6509,1.81,0.5525,0.0985,55.0,🔥 ВЫСОКАЯ,2026-02-26T19:28:25
Wolverhampton Wanderers vs Aston Villa,Премьер-лига,2026-02-27,20:00,Тотал,Больше 2.5,0.6438,2.04,0.4902,0.1536,75.32,🔥 ВЫСОКАЯ,2026-02-26T20:11:29
Haugesund vs Brentford,Премьер-лига,2026-02-28,15:00,Исход,Ничья (X),0.5595,4.1,0.2439,0.3156,104.35,🔥 ВЫСОКАЯ,2026-02-26T20:12:37
Haugesund vs Brentford,Премьер-лига,2026-02-28,15:00,Тотал,Меньше 2.5,0.9605,2.04,0.4902,0.4703,230.62,🔥 ВЫСОКАЯ,2026-02-26T20:12:37
Liverpool vs West Ham United,Премьер-лига,2026-02-28,15:00,Исход,Победа хозяев (1),0.8943,1.45,0.6897,0.2046,164.81,🔥 ВЫСОКАЯ,2026-02-26T20:12:38
Liverpool vs West Ham United,Премьер-лига,2026-02-28,15:00,Тотал,Больше 2.5,0.884,1.4,0.7143,0.1697,148.46,🔥 ВЫСОКАЯ,2026-02-26T20:12:38
Liverpool vs West Ham United,Премьер-лига,2026-02-28,15:00,Тотал,Больше 3.5,0.7493,2.2,0.4545,0.2947,135.07,🔥 ВЫСОКАЯ,2026-02-26T20:12:38
Newcastle United vs Everton,Премьер-лига,2026-02-28,15:00,Исход,Победа хозяев (1),0.8384,1.79,0.5587,0.2797,158.46,🔥 ВЫСОКАЯ,2026-02-26T20:12:39
Newcastle United vs Everton,Премьер-лига,2026-02-28,15:00,Тотал,Больше 2.5,0.7846,1.81,0.5525,0.2321,129.66,🔥 ВЫСОКАЯ,2026-02-26T20:12:39
Wisla Plock vs Manchester City,Премьер-лига,2026-02-28,17:30,Исход,Ничья (X),0.5155,4.6,0.2174,0.2981,95.22,🔥 ВЫСОКАЯ,2026-02-26T20:12:54
Wisla Plock vs Manchester City,Премьер-лига,2026-02-28,17:30,Тотал,Меньше 2.5,0.9434,2.46,0.4065,0.5369,226.17,🔥 ВЫСОКАЯ,2026-02-26T20:12:54
Brighton & Hove Albion vs Nottingham Forest,Премьер-лига,2026-03-01,14:00,Исход,Победа хозяев (1),0.7739,2.16,0.463,0.3109,144.74,🔥 ВЫСОКАЯ,2026-02-26T20:12:54
Brighton & Hove Albion vs Nottingham Forest,Премьер-лига,2026-03-01,14:00,Тотал,Больше 2.5,0.7605,1.89,0.5291,0.2314,122.84,🔥 ВЫСОКАЯ,2026-02-26T20:12:54
Manchester United vs Crystal Palace,Премьер-лига,2026-03-01,14:00,Исход,Победа хозяев (1),0.7256,1.58,0.6329,0.0927,63.15,🔥 ВЫСОКАЯ,2026-02-26T20:12:55
Manchester United vs Crystal Palace,Премьер-лига,2026-03-01,14:00,Тотал,Больше 2.5,0.7076,1.7,0.5882,0.1194,72.47,🔥 ВЫСОКАЯ,2026-02-26T20:12:55
Fulham vs Tottenham Hotspur,Премьер-лига,2026-03-01,14:00,Исход,Победа хозяев (1),0.6965,2.19,0.4566,0.2399,110.37,🔥 ВЫСОКАЯ,2026-02-26T20:12:56
Fulham vs Tottenham Hotspur,Премьер-лига,2026-03-01,14:00,Тотал,Больше 2.5,0.8416,1.8,0.5556,0.2861,160.92,🔥 ВЫСОКАЯ,2026-02-26T20:12:56
Arsenal vs Chelsea,Премьер-лига,2026-03-01,16:30,Исход,Победа хозяев (1),0.8691,1.67,0.5988,0.2703,168.4,🔥 ВЫСОКАЯ,2026-02-26T20:12:57
Arsenal vs Chelsea,Премьер-лига,2026-03-01,16:30,Тотал,Больше 2.5,0.8953,1.79,0.5587,0.3367,190.71,🔥 ВЫСОКАЯ,2026-02-26T20:12:57
Everton vs Haugesund,Премьер-лига,2026-03-03,19:30,Исход,Ничья (X),0.5765,3.9,0.2564,0.3201,107.61,🔥 ВЫСОКАЯ,2026-02-26T20:12:58
Everton vs Haugesund,Премьер-лига,2026-03-03,19:30,Тотал,Меньше 2.5,0.9668,1.95,0.5128,0.454,232.97,🔥 ВЫСОКАЯ,2026-02-26T20:12:58
Wisla Plock vs Sunderland,Премьер-лига,2026-03-03,19:30,Исход,Ничья (X),0.5678,3.72,0.2688,0.299,102.23,🔥 ВЫСОКАЯ,2026-02-26T20:12:58
Wisla Plock vs Sunderland,Премьер-лига,2026-03-03,19:30,Тотал,Меньше 2.5,0.9636,1.83,0.5464,0.4172,229.95,🔥 ВЫСОКАЯ,2026-02-26T20:12:58
Wolverhampton Wanderers vs Liverpool,Премьер-лига,2026-03-03,20:15,Исход,Победа гостей (2),0.7852,1.5,0.6667,0.1185,88.9,🔥 ВЫСОКАЯ,2026-02-26T20:13:12
Wolverhampton Wanderers vs Liverpool,Премьер-лига,2026-03-03,20:15,Тотал,Больше 2.5,0.7436,1.58,0.6329,0.1107,75.4,🔥 ВЫСОКАЯ,2026-02-26T20:13:12
Wolverhampton Wanderers vs Liverpool,Премьер-лига,2026-03-03,20:15,Тотал,Больше 3.5,0.5425,2.46,0.4065,0.136,57.29,🔥 ВЫСОКАЯ,2026-02-26T20:13:12
Aston Villa vs Chelsea,Премьер-лига,2026-03-04,19:30,Исход,Победа хозяев (1),0.5908,2.78,0.3597,0.2311,90.25,🔥 ВЫСОКАЯ,2026-02-26T20:13:12
Aston Villa vs Chelsea,Премьер-лига,2026-03-04,19:30,Тотал,Больше 2.5,0.8477,1.72,0.5814,0.2663,159.07,🔥 ВЫСОКАЯ,2026-02-26T20:13:12
Fulham vs West Ham United,Премьер-лига,2026-03-04,19:30,Исход,Победа хозяев (1),0.6036,2.1,0.4762,0.1274,60.81,🔥 ВЫСОКАЯ,2026-02-26T20:13:13
Fulham vs West Ham United,Премьер-лига,2026-03-04,19:30,Тотал,Больше 2.5,0.734,1.87,0.5348,0.1993,107.09,🔥 ВЫСОКАЯ,2026-02-26T20:13:13
Brighton & Hove Albion vs Arsenal,Премьер-лига,2026-03-04,19:30,Исход,Победа хозяев (1),0.5111,5.4,0.1852,0.326,100.01,🔥 ВЫСОКАЯ,2026-02-26T20:13:14
Brighton & Hove Albion vs Arsenal,Премьер-лига,2026-03-04,19:30,Тотал,Больше 2.5,0.7762,1.96,0.5102,0.266,135.77,🔥 ВЫСОКАЯ,2026-02-26T20:13:14
Manchester City vs Nottingham Forest,Премьер-лига,2026-03-04,19:30,Исход,Победа хозяев (1),0.9288,1.42,0.7042,0.2246,189.81,🔥 ВЫСОКАЯ,2026-02-26T20:13:15
Manchester City vs Nottingham Forest,Премьер-лига,2026-03-04,19:30,Тотал,Больше 2.5,0.8891,1.53,0.6536,0.2355,169.98,🔥 ВЫСОКАЯ,2026-02-26T20:13:15
Manchester City vs Nottingham Forest,Премьер-лига,2026-03-04,19:30,Тотал,Больше 3.5,0.758,2.46,0.4065,0.3515,148.07,🔥 ВЫСОКАЯ,2026-02-26T20:13:15
Newcastle United vs Manchester United,Премьер-лига,2026-03-04,20:15,Исход,Победа хозяев (1),0.7837,2.54,0.3937,0.39,160.8,🔥 ВЫСОКАЯ,2026-02-26T20:13:16
Newcastle United vs Manchester United,Премьер-лига,2026-03-04,20:15,Тотал,Больше 2.5,0.783,1.52,0.6579,0.1251,91.43,🔥 ВЫСОКАЯ,2026-02-26T20:13:16
Newcastle United vs Manchester United,Премьер-лига,2026-03-04,20:15,Тотал,Больше 3.5,0.5952,2.36,0.4237,0.1714,74.37,🔥 ВЫСОКАЯ,2026-02-26T20:13:16
Caen vs Beerschot VA,Ла Лига,2026-02-27,20:00,Исход,Ничья (X),0.6122,3.25,0.3077,0.3045,109.95,🔥 ВЫСОКАЯ,2026-02-26T20:13:45
Caen vs Beerschot VA,Ла Лига,2026-02-27,20:00,Тотал,Меньше 2.5,0.9769,1.63,0.6135,0.3634,235.05,🔥 ВЫСОКАЯ,2026-02-26T20:13:45
Rayo Vallecano de Madrid vs Athletic Club,Ла Лига,2026-02-28,13:00,Тотал,Больше 2.5,0.6863,2.44,0.4098,0.2765,117.11,🔥 ВЫСОКАЯ,2026-02-26T20:13:46
Barcelona vs Villarreal CF,Ла Лига,2026-02-28,15:15,Тотал,Больше 2.5,0.8866,1.25,0.8,0.0866,108.24,🔥 ВЫСОКАЯ,2026-02-26T20:13:46
Barcelona vs Villarreal CF,Ла Лига,2026-02-28,15:15,Тотал,Больше 3.5,0.7539,1.79,0.5587,0.1952,110.59,🔥 ВЫСОКАЯ,2026-02-26T20:13:46
Real Oviedo vs Club Atlético de Madrid,Ла Лига,2026-02-28,20:00,Исход,Победа хозяев (1),0.7244,6.2,0.1613,0.5631,167.85,🔥 ВЫСОКАЯ,2026-02-26T20:13:48
Real Oviedo vs Club Atlético de Madrid,Ла Лига,2026-02-28,20:00,Тотал,Больше 2.5,0.899,2.15,0.4651,0.4339,202.78,🔥 ВЫСОКАЯ,2026-02-26T20:13:48
V-varen Nagasaki vs RCD Espanyol de Barcelona,Ла Лига,2026-03-01,13:00,Исход,Ничья (X),0.5142,3.31,0.3021,0.2121,75.97,🔥 ВЫСОКАЯ,2026-02-26T20:14:03
V-varen Nagasaki vs RCD Espanyol de Barcelona,Ла Лига,2026-03-01,13:00,Тотал,Меньше 2.5,0.9414,1.88,0.5319,0.4095,218.69,🔥 ВЫСОКАЯ,2026-02-26T20:14:03
Valencia CF vs CA Osasuna,Ла Лига,2026-03-01,15:15,Исход,Победа хозяев (1),0.5129,2.5,0.4,0.1129,47.06,✅ СРЕДНЯЯ,2026-02-26T20:14:03
Valencia CF vs CA Osasuna,Ла Лига,2026-03-01,15:15,Тотал,Больше 2.5,0.5119,2.34,0.4274,0.0846,36.92,✅ СРЕДНЯЯ,2026-02-26T20:14:03
Real Betis Balompié vs Sevilla,Ла Лига,2026-03-01,17:30,Исход,Победа хозяев (1),0.8146,1.89,0.5291,0.2855,151.56,🔥 ВЫСОКАЯ,2026-02-26T20:14:04
Real Betis Balompié vs Sevilla,Ла Лига,2026-03-01,17:30,Тотал,Больше 2.5,0.804,2.06,0.4854,0.3186,154.78,🔥 ВЫСОКАЯ,2026-02-26T20:14:04
Oita Trinita vs RC Celta de Vigo,Ла Лига,2026-03-01,20:00,Исход,Ничья (X),0.5573,3.45,0.2899,0.2674,94.15,🔥 ВЫСОКАЯ,2026-02-26T20:14:19
Oita Trinita vs RC Celta de Vigo,Ла Лига,2026-03-01,20:00,Тотал,Меньше 2.5,0.9604,1.91,0.5236,0.4368,229.2,🔥 ВЫСОКАЯ,2026-02-26T20:14:19
Real Madrid CF vs Getafe CF,Ла Лига,2026-03-02,20:00,Исход,Победа хозяев (1),0.9724,1.33,0.7519,0.2205,222.18,🔥 ВЫСОКАЯ,2026-02-26T20:14:20
Real Madrid CF vs Getafe CF,Ла Лига,2026-03-02,20:00,Тотал,Больше 2.5,0.9204,1.87,0.5348,0.3856,207.23,🔥 ВЫСОКАЯ,2026-02-26T20:14:20
Rayo Vallecano de Madrid vs Real Oviedo,Ла Лига,2026-03-04,18:00,Тотал,Больше 2.5,0.8125,2.15,0.4651,0.3473,162.34,🔥 ВЫСОКАЯ,2026-02-26T20:14:21
Parma Calcio 1913 vs Cagliari Calcio,Серия А,2026-02-27,19:45,Исход,Победа хозяев (1),0.5785,2.58,0.3876,0.1909,77.94,🔥 ВЫСОКАЯ,2026-02-26T20:14:21
Parma Calcio 1913 vs Cagliari Calcio,Серия А,2026-02-27,19:45,Тотал,Больше 2.5,0.5278,2.64,0.3788,0.149,59.97,🔥 ВЫСОКАЯ,2026-02-26T20:14:21
Como 1907 vs US Lecce,Серия А,2026-02-28,14:00,Тотал,Больше 2.5,0.564,2.06,0.4854,0.0786,38.18,✅ СРЕДНЯЯ,2026-02-26T20:14:22
Hellas Verona vs SSC Napoli,Серия А,2026-02-28,17:00,Исход,Победа гостей (2),0.6938,1.56,0.641,0.0528,36.78,🔥 ВЫСОКАЯ,2026-02-26T20:14:23
Hellas Verona vs SSC Napoli,Серия А,2026-02-28,17:00,Тотал,Больше 2.5,0.7497,2.35,0.4255,0.3241,141.06,🔥 ВЫСОКАЯ,2026-02-26T20:14:23
Newells Old Boys vs AC Milan,Серия А,2026-03-01,11:30,Исход,Ничья (X),0.5628,4.43,0.2257,0.3371,108.85,🔥 ВЫСОКАЯ,2026-02-26T20:15:19
Newells Old Boys vs AC Milan,Серия А,2026-03-01,11:30,Тотал,Меньше 2.5,0.9614,1.98,0.5051,0.4563,230.5,🔥 ВЫСОКАЯ,2026-02-26T20:15:19
Flandria vs Atalanta BC,Серия А,2026-03-01,14:00,Исход,Ничья (X),0.5466,3.75,0.2667,0.2799,95.42,🔥 ВЫСОКАЯ,2026-02-26T20:15:33
Flandria vs Atalanta BC,Серия А,2026-03-01,14:00,Тотал,Меньше 2.5,0.9549,2.06,0.4854,0.4695,228.11,🔥 ВЫСОКАЯ,2026-02-26T20:15:33
Torino vs SS Lazio,Серия А,2026-03-01,17:00,Тотал,Больше 2.5,0.6524,2.54,0.3937,0.2587,106.67,🔥 ВЫСОКАЯ,2026-02-26T20:15:34
AS Roma vs Juventus,Серия А,2026-03-01,19:45,Исход,Победа хозяев (1),0.8029,2.76,0.3623,0.4406,172.75,🔥 ВЫСОКАЯ,2026-02-26T20:15:35
AS Roma vs Juventus,Серия А,2026-03-01,19:45,Тотал,Больше 2.5,0.8233,2.38,0.4202,0.4031,173.8,🔥 ВЫСОКАЯ,2026-02-26T20:15:35
AC Pisa 1909 vs Bologna 1909,Серия А,2026-03-02,17:30,Исход,Победа хозяев (1),0.6842,4.15,0.241,0.4432,145.98,🔥 ВЫСОКАЯ,2026-02-26T20:15:35
AC Pisa 1909 vs Bologna 1909,Серия А,2026-03-02,17:30,Тотал,Больше 2.5,0.6384,2.24,0.4464,0.192,86.69,🔥 ВЫСОКАЯ,2026-02-26T20:15:35
Udinese Calcio vs ACF Fiorentina,Серия А,2026-03-02,19:45,Тотал,Больше 2.5,0.6482,2.09,0.4785,0.1698,81.38,🔥 ВЫСОКАЯ,2026-02-26T20:15:36
Wolverhampton Wanderers vs Aston Villa,Премьер-лига,2026-02-27,20:00,Тотал,Больше 2.5,0.6124,1.93,0.5181,0.0942,48.89,✅ СРЕДНЯЯ,2026-02-27T10:37:22
Newcastle United vs Everton,Премьер-лига,2026-02-28,15:00,Исход,Победа хозяев (1),0.7717,1.75,0.5714,0.2002,116.8,🔥 ВЫСОКАЯ,2026-02-27T10:39:37
Newcastle United vs Everton,Премьер-лига,2026-02-28,15:00,Тотал,Больше 2.5,0.733,1.73,0.578,0.1549,91.78,🔥 ВЫСОКАЯ,2026-02-27T10:39:37
Haugesund vs Brentford,Премьер-лига,2026-02-28,15:00,Тотал,Меньше 2.5,0.8441,2.02,0.495,0.3491,172.82,🔥 ВЫСОКАЯ,2026-02-27T10:40:21
Liverpool vs West Ham United,Премьер-лига,2026-02-28,15:00,Исход,Победа хозяев (1),0.8443,1.44,0.6944,0.1499,122.61,🔥 ВЫСОКАЯ,2026-02-27T10:40:59
Liverpool vs West Ham United,Премьер-лига,2026-02-28,15:00,Тотал,Больше 2.5,0.8415,1.4,0.7143,0.1272,111.34,🔥 ВЫСОКАЯ,2026-02-27T10:40:59
Wisla Plock vs Manchester City,Премьер-лига,2026-02-28,17:30,Тотал,Меньше 2.5,0.8212,2.2,0.4545,0.3667,168.05,🔥 ВЫСОКАЯ,2026-02-27T10:42:26
Fulham vs Tottenham Hotspur,Премьер-лига,2026-03-01,14:00,Исход,Победа хозяев (1),0.6371,2.18,0.4587,0.1783,82.37,🔥 ВЫСОКАЯ,2026-02-27T10:43:04
Fulham vs Tottenham Hotspur,Премьер-лига,2026-03-01,14:00,Тотал,Больше 2.5,0.7757,1.73,0.578,0.1977,117.13,🔥 ВЫСОКАЯ,2026-02-27T10:43:04
Brighton & Hove Albion vs Nottingham Forest,Премьер-лига,2026-03-01,14:00,Исход,Победа хозяев (1),0.6961,2.16,0.463,0.2332,108.55,🔥 ВЫСОКАЯ,2026-02-27T10:43:42
Brighton & Hove Albion vs Nottingham Forest,Премьер-лига,2026-03-01,14:00,Тотал,Больше 2.5,0.7055,1.85,0.5405,0.165,89.76,🔥 ВЫСОКАЯ,2026-02-27T10:43:42
Manchester United vs Crystal Palace,Премьер-лига,2026-03-01,14:00,Исход,Победа хозяев (1),0.7035,1.57,0.6369,0.0665,45.81,✅ СРЕДНЯЯ,2026-02-27T10:44:20
Manchester United vs Crystal Palace,Премьер-лига,2026-03-01,14:00,Тотал,Больше 2.5,0.6822,1.65,0.6061,0.0762,48.33,✅ СРЕДНЯЯ,2026-02-27T10:44:20
Arsenal vs Chelsea,Премьер-лига,2026-03-01,16:30,Исход,Победа хозяев (1),0.8024,1.66,0.6024,0.2,125.75,🔥 ВЫСОКАЯ,2026-02-27T10:45:34
Arsenal vs Chelsea,Премьер-лига,2026-03-01,16:30,Тотал,Больше 2.5,0.8186,1.7,0.5882,0.2303,139.84,🔥 ВЫСОКАЯ,2026-02-27T10:45:34
Everton vs Haugesund,Премьер-лига,2026-03-03,19:30,Тотал,Меньше 2.5,0.8574,1.89,0.5291,0.3283,174.29,🔥 ВЫСОКАЯ,2026-02-27T10:47:00
Wisla Plock vs Sunderland,Премьер-лига,2026-03-03,19:30,Тотал,Меньше 2.5,0.8672,1.73,0.578,0.2892,171.33,🔥 ВЫСОКАЯ,2026-02-27T10:47:38
Wolverhampton Wanderers vs Liverpool,Премьер-лига,2026-03-03,20:15,Исход,Победа гостей (2),0.7578,1.48,0.6757,0.0821,63.32,✅ СРЕДНЯЯ,2026-02-27T10:48:51
Wolverhampton Wanderers vs Liverpool,Премьер-лига,2026-03-03,20:15,Тотал,Больше 2.5,0.7244,1.5,0.6667,0.0577,43.29,✅ СРЕДНЯЯ,2026-02-27T10:48:51
Manchester City vs Nottingham Forest,Премьер-лига,2026-03-04,19:30,Исход,Победа хозяев (1),0.8764,1.39,0.7194,0.157,139.91,🔥 ВЫСОКАЯ,2026-02-27T10:49:29
Manchester City vs Nottingham Forest,Премьер-лига,2026-03-04,19:30,Тотал,Больше 2.5,0.8335,1.5,0.6667,0.1668,125.13,🔥 ВЫСОКАЯ,2026-02-27T10:49:29
Brighton & Hove Albion vs Arsenal,Премьер-лига,2026-03-04,19:30,Тотал,Больше 2.5,0.7137,1.9,0.5263,0.1874,98.91,🔥 ВЫСОКАЯ,2026-02-27T10:50:07
Fulham vs West Ham United,Премьер-лига,2026-03-04,19:30,Исход,Победа хозяев (1),0.5741,2.06,0.4854,0.0886,43.06,✅ СРЕДНЯЯ,2026-02-27T10:50:45
Fulham vs West Ham United,Премьер-лига,2026-03-04,19:30,Тотал,Больше 2.5,0.695,1.73,0.578,0.117,69.32,✅ СРЕДНЯЯ,2026-02-27T10:50:45
Aston Villa vs Chelsea,Премьер-лига,2026-03-04,19:30,Исход,Победа хозяев (1),0.5357,2.7,0.3704,0.1654,65.66,🔥 ВЫСОКАЯ,2026-02-27T10:51:23
Aston Villa vs Chelsea,Премьер-лига,2026-03-04,19:30,Тотал,Больше 2.5,0.7873,1.65,0.6061,0.1813,115.03,🔥 ВЫСОКАЯ,2026-02-27T10:51:23
Newcastle United vs Manchester United,Премьер-лига,2026-03-04,20:15,Исход,Победа хозяев (1),0.6862,2.54,0.3937,0.2925,120.6,🔥 ВЫСОКАЯ,2026-02-27T10:51:26
Newcastle United vs Manchester United,Премьер-лига,2026-03-04,20:15,Тотал,Больше 2.5,0.7539,1.5,0.6667,0.0873,65.45,✅ СРЕДНЯЯ,2026-02-27T10:51:26
Tottenham Hotspur vs Crystal Palace,Премьер-лига,2026-03-05,20:00,Исход,Победа хозяев (1),0.683,2.4,0.4167,0.2663,114.13,🔥 ВЫСОКАЯ,2026-02-27T10:51:29
Tottenham Hotspur vs Crystal Palace,Премьер-лига,2026-03-05,20:00,Тотал,Больше 2.5,0.7599,1.85,0.5405,0.2194,119.37,🔥 ВЫСОКАЯ,2026-02-27T10:51:29
Caen vs Beerschot VA,Ла Лига,2026-02-27,20:00,Исход,Ничья (X),0.5373,3.2,0.3125,0.2248,81.73,🔥 ВЫСОКАЯ,2026-02-27T10:52:00
Caen vs Beerschot VA,Ла Лига,2026-02-27,20:00,Тотал,Меньше 2.5,0.887,1.62,0.6173,0.2697,176.18,🔥 ВЫСОКАЯ,2026-02-27T10:52:00
Rayo Vallecano de Madrid vs Athletic Club,Ла Лига,2026-02-28,13:00,Тотал,Больше 2.5,0.6234,2.3,0.4348,0.1886,83.44,🔥 ВЫСОКАЯ,2026-02-27T10:52:03
Barcelona vs Villarreal CF,Ла Лига,2026-02-28,15:15,Тотал,Больше 3.5,0.7125,1.7,0.5882,0.1242,75.43,✅ СРЕДНЯЯ,2026-02-27T10:52:06
Real Oviedo vs Club Atlético de Madrid,Ла Лига,2026-02-28,20:00,Исход,Победа хозяев (1),0.585,6.0,0.1667,0.4183,125.49,🔥 ВЫСОКАЯ,2026-02-27T10:52:10
Real Oviedo vs Club Atlético de Madrid,Ла Лига,2026-02-28,20:00,Тотал,Больше 2.5,0.7944,2.08,0.4808,0.3137,151.02,🔥 ВЫСОКАЯ,2026-02-27T10:52:10
Elche CF vs RCD Espanyol de Barcelona,Ла Лига,2026-03-01,13:00,Тотал,Больше 2.5,0.6711,2.08,0.4808,0.1903,91.64,🔥 ВЫСОКАЯ,2026-02-27T10:53:04
Real Betis Balompié vs Sevilla,Ла Лига,2026-03-01,17:30,Исход,Победа хозяев (1),0.7461,1.85,0.5405,0.2055,111.83,🔥 ВЫСОКАЯ,2026-02-27T10:53:08
Real Betis Balompié vs Sevilla,Ла Лига,2026-03-01,17:30,Тотал,Больше 2.5,0.7268,2.02,0.495,0.2317,114.72,🔥 ВЫСОКАЯ,2026-02-27T10:53:08
Oita Trinita vs RC Celta de Vigo,Ла Лига,2026-03-01,20:00,Тотал,Меньше 2.5,0.8532,1.88,0.5319,0.3213,171.62,🔥 ВЫСОКАЯ,2026-02-27T10:53:25
Real Madrid CF vs Getafe CF,Ла Лига,2026-03-02,20:00,Исход,Победа хозяев (1),0.9173,1.33,0.7519,0.1654,166.64,🔥 ВЫСОКАЯ,2026-02-27T10:53:28
Real Madrid CF vs Getafe CF,Ла Лига,2026-03-02,20:00,Тотал,Больше 2.5,0.8254,1.85,0.5405,0.2849,155.02,🔥 ВЫСОКАЯ,2026-02-27T10:53:28
Rayo Vallecano de Madrid vs Real Oviedo,Ла Лига,2026-03-04,18:00,Тотал,Больше 2.5,0.7295,2.08,0.4808,0.2488,119.77,🔥 ВЫСОКАЯ,2026-02-27T10:53:31
Parma Calcio 1913 vs Cagliari Calcio,Серия А,2026-02-27,19:45,Исход,Победа хозяев (1),0.5389,2.38,0.4202,0.1188,51.21,✅ СРЕДНЯЯ,2026-02-27T10:53:34
Como 1907 vs US Lecce,Серия А,2026-02-28,14:00,Тотал,Больше 2.5,0.5462,2.03,0.4926,0.0536,26.39,📌 НИЗКАЯ,2026-02-27T10:53:37
Hellas Verona vs SSC Napoli,Серия А,2026-02-28,17:00,Тотал,Больше 2.5,0.6785,2.15,0.4651,0.2134,99.75,🔥 ВЫСОКАЯ,2026-02-27T10:53:40
Newells Old Boys vs AC Milan,Серия А,2026-03-01,11:30,Тотал,Меньше 2.5,0.8499,1.94,0.5155,0.3345,172.56,🔥 ВЫСОКАЯ,2026-02-27T10:54:37
Flandria vs Atalanta BC,Серия А,2026-03-01,14:00,Тотал,Меньше 2.5,0.8418,1.99,0.5025,0.3393,170.52,🔥 ВЫСОКАЯ,2026-02-27T10:54:52
Torino vs SS Lazio,Серия А,2026-03-01,17:00,Тотал,Больше 2.5,0.5935,2.4,0.4167,0.1768,75.77,🔥 ВЫСОКАЯ,2026-02-27T10:54:53
AS Roma vs Juventus,Серия А,2026-03-01,19:45,Исход,Победа хозяев (1),0.6928,2.76,0.3623,0.3305,129.56,🔥 ВЫСОКАЯ,2026-02-27T10:54:54
AS Roma vs Juventus,Серия А,2026-03-01,19:45,Тотал,Больше 2.5,0.7311,2.2,0.4545,0.2765,126.75,🔥 ВЫСОКАЯ,2026-02-27T10:54:54
AC Pisa 1909 vs Bologna 1909,Серия А,2026-03-02,17:30,Исход,Победа хозяев (1),0.5726,4.2,0.2381,0.3346,109.78,🔥 ВЫСОКАЯ,2026-02-27T10:54:55
AC Pisa 1909 vs Bologna 1909,Серия А,2026-03-02,17:30,Тотал,Больше 2.5,0.6038,2.0,0.5,0.1038,51.89,✅ СРЕДНЯЯ,2026-02-27T10:54:55
Udinese Calcio vs ACF Fiorentina,Серия А,2026-03-02,19:45,Тотал,Больше 2.5,0.6069,2.07,0.4831,0.1239,59.9,✅ СРЕДНЯЯ,2026-02-27T10:54:56
Augsburg vs Belgium,Бундеслига,2026-02-27,19:30,Исход,Ничья (X),0.5164,3.65,0.274,0.2424,83.47,🔥 ВЫСОКАЯ,2026-02-27T10:55:12
Augsburg vs Belgium,Бундеслига,2026-02-27,19:30,Тотал,Меньше 2.5,0.8517,2.05,0.4878,0.3639,177.6,🔥 ВЫСОКАЯ,2026-02-27T10:55:12
Bayer 04 Leverkusen vs 1. FSV Mainz 05,Бундеслига,2026-02-28,14:30,Исход,Победа хозяев (1),0.8617,1.75,0.5714,0.2903,169.33,🔥 ВЫСОКАЯ,2026-02-27T10:55:14
Bayer 04 Leverkusen vs 1. FSV Mainz 05,Бундеслига,2026-02-28,14:30,Тотал,Больше 2.5,0.8282,1.62,0.6173,0.2109,137.75,🔥 ВЫСОКАЯ,2026-02-27T10:55:14
SV Werder Bremen vs 1. Heidenheim 1846,Бундеслига,2026-02-28,14:30,Исход,Победа хозяев (1),0.6339,1.84,0.5435,0.0904,49.52,✅ СРЕДНЯЯ,2026-02-27T10:55:15
Borussia Mönchengladbach vs 1. Union Berlin,Бундеслига,2026-02-28,14:30,Исход,Победа хозяев (1),0.8171,2.44,0.4098,0.4073,172.53,🔥 ВЫСОКАЯ,2026-02-27T10:55:16
Borussia Mönchengladbach vs 1. Union Berlin,Бундеслига,2026-02-28,14:30,Тотал,Больше 2.5,0.8008,2.08,0.4808,0.3201,154.1,🔥 ВЫСОКАЯ,2026-02-27T10:55:16
Borussia Dortmund vs Bayern München,Бундеслига,2026-02-28,17:30,Исход,Победа хозяев (1),0.5562,4.9,0.2041,0.3521,110.6,🔥 ВЫСОКАЯ,2026-02-27T10:55:17
Borussia Dortmund vs Bayern München,Бундеслига,2026-02-28,17:30,Тотал,Больше 2.5,0.8841,1.3,0.7692,0.1149,124.45,🔥 ВЫСОКАЯ,2026-02-27T10:55:17
VfB Stuttgart vs VfL Wolfsburg,Бундеслига,2026-03-01,14:30,Исход,Победа хозяев (1),0.7317,1.59,0.6289,0.1028,69.26,✅ СРЕДНЯЯ,2026-02-27T10:55:18
Eintracht Frankfurt vs SC Freiburg,Бундеслига,2026-03-01,16:30,Исход,Победа хозяев (1),0.6882,2.26,0.4425,0.2457,110.18,🔥 ВЫСОКАЯ,2026-02-27T10:55:19
Eintracht Frankfurt vs SC Freiburg,Бундеслига,2026-03-01,16:30,Тотал,Больше 2.5,0.7077,1.75,0.5714,0.1363,79.49,✅ СРЕДНЯЯ,2026-02-27T10:55:19
Hamburger SV vs RB Leipzig,Бундеслига,2026-03-01,18:30,Тотал,Больше 2.5,0.732,1.57,0.6369,0.0951,65.46,✅ СРЕДНЯЯ,2026-02-27T10:55:34
Hamburger SV vs Bayer 04 Leverkusen,Бундеслига,2026-03-04,19:30,Тотал,Больше 2.5,0.7117,1.73,0.578,0.1337,79.18,✅ СРЕДНЯЯ,2026-02-27T10:55:50
RC Strasbourg Alsace vs Racing Club de Lens,Лига 1,2026-02-27,19:45,Исход,Победа хозяев (1),0.5002,2.38,0.4202,0.0801,34.52,📌 НИЗКАЯ,2026-02-27T10:55:51
Villarreal vs Paris Saint-Germain,Лига 1,2026-02-28,20:05,Тотал,Меньше 2.5,0.7936,2.75,0.3636,0.4299,168.9,🔥 ВЫСОКАЯ,2026-02-27T10:57:15
Villarreal vs Paris Saint-Germain,Лига 1,2026-02-28,20:05,Тотал,Меньше 3.5,0.8852,1.72,0.5814,0.3038,181.44,🔥 ВЫСОКАЯ,2026-02-27T10:57:15
Paris vs OGC Nice,Лига 1,2026-03-01,14:00,Исход,Победа хозяев (1),0.758,2.5,0.4,0.358,149.18,🔥 ВЫСОКАЯ,2026-02-27T10:57:16
Paris vs OGC Nice,Лига 1,2026-03-01,14:00,Тотал,Больше 2.5,0.7806,1.95,0.5128,0.2677,137.39,🔥 ВЫСОКАЯ,2026-02-27T10:57:16
Lille OSC vs Real Betis,Лига 1,2026-03-01,16:15,Тотал,Меньше 2.5,0.8323,2.05,0.4878,0.3445,168.17,🔥 ВЫСОКАЯ,2026-02-27T10:58:12
Lorient vs AJ Auxerre,Лига 1,2026-03-01,16:15,Исход,Победа хозяев (1),0.5867,2.08,0.4808,0.1059,51.01,✅ СРЕДНЯЯ,2026-02-27T10:58:27
Lorient vs AJ Auxerre,Лига 1,2026-03-01,16:15,Тотал,Больше 2.5,0.5414,2.25,0.4444,0.0969,43.62,✅ СРЕДНЯЯ,2026-02-27T10:58:27
Porto vs Arouca,Примейра-лига,2026-02-27,18:45,Исход,Победа хозяев (1),0.8957,1.24,0.8065,0.0892,115.23,🔥 ВЫСОКАЯ,2026-02-27T10:58:28
Porto vs Arouca,Примейра-лига,2026-02-27,18:45,Тотал,Больше 2.5,0.8003,1.7,0.5882,0.2121,128.76,🔥 ВЫСОКАЯ,2026-02-27T10:58:28
Sporting Clube de Portugal vs GD Estoril Praia,Примейра-лига,2026-02-27,20:45,Тотал,Больше 3.5,0.6084,1.83,0.5464,0.0619,34.13,📌 НИЗКАЯ,2026-02-27T10:58:28
AVS vs CF Estrela da Amadora,Примейра-лига,2026-02-28,15:30,Исход,Победа хозяев (1),0.5858,2.8,0.3571,0.2287,88.94,🔥 ВЫСОКАЯ,2026-02-27T10:58:28
AVS vs CF Estrela da Amadora,Примейра-лига,2026-02-28,15:30,Тотал,Больше 2.5,0.579,2.15,0.4651,0.1139,53.24,✅ СРЕДНЯЯ,2026-02-27T10:58:28
CD Nacional vs Sporting Clube de Braga,Примейра-лига,2026-02-28,18:00,Тотал,Больше 2.5,0.642,1.85,0.5405,0.1015,55.22,✅ СРЕДНЯЯ,2026-02-27T10:58:29
Vitória vs Alverca,Примейра-лига,2026-02-28,20:30,Исход,Победа хозяев (1),0.6354,1.8,0.5556,0.0799,44.94,✅ СРЕДНЯЯ,2026-02-27T10:58:29
Vitória vs Alverca,Примейра-лига,2026-02-28,20:30,Тотал,Больше 2.5,0.5847,2.05,0.4878,0.0969,47.3,✅ СРЕДНЯЯ,2026-02-27T10:58:29
CD Tondela vs CD Santa Clara,Примейра-лига,2026-03-01,15:30,Исход,Победа хозяев (1),0.5723,3.3,0.303,0.2693,96.59,🔥 ВЫСОКАЯ,2026-02-27T10:58:30
CD Tondela vs CD Santa Clara,Примейра-лига,2026-03-01,15:30,Тотал,Больше 1.5,0.7975,1.48,0.6757,0.1218,93.92,🔥 ВЫСОКАЯ,2026-02-27T10:58:30
CD Tondela vs CD Santa Clara,Примейра-лига,2026-03-01,15:30,Тотал,Больше 2.5,0.5628,2.5,0.4,0.1628,67.82,🔥 ВЫСОКАЯ,2026-02-27T10:58:30
Casa Pia AC vs Moreirense,Примейра-лига,2026-03-01,18:00,Исход,Победа хозяев (1),0.5878,2.74,0.365,0.2228,87.73,🔥 ВЫСОКАЯ,2026-02-27T10:58:30
Casa Pia AC vs Moreirense,Примейра-лига,2026-03-01,18:00,Тотал,Больше 2.5,0.5669,2.4,0.4167,0.1503,64.4,✅ СРЕДНЯЯ,2026-02-27T10:58:30
Rio Ave vs Famalicão,Примейра-лига,2026-03-01,20:30,Исход,Победа хозяев (1),0.5583,4.05,0.2469,0.3114,103.37,🔥 ВЫСОКАЯ,2026-02-27T10:58:31
Rio Ave vs Famalicão,Примейра-лига,2026-03-01,20:30,Тотал,Больше 2.5,0.5923,1.93,0.5181,0.0742,38.47,✅ СРЕДНЯЯ,2026-02-27T10:58:31
Gil Vicente vs Sport Lisboa e Benfica,Примейра-лига,2026-03-02,20:15,Тотал,Больше 2.5,0.668,1.96,0.5102,0.1578,80.56,🔥 ВЫСОКАЯ,2026-02-27T10:58:31
Liverpool vs West Ham,Премьер-лига,2026-02-28,18:00,Исход,Победа хозяев (1),0.8467,1.44,0.7042,0.1425,124.61,🔥 ВЫСОКАЯ,2026-02-28T13:08:34
Liverpool vs West Ham,Премьер-лига,2026-02-28,18:00,Исход,Победа хозяев (1),0.8443,1.45,0.6944,0.1499,124.58,🔥 ВЫСОКАЯ,2026-02-28T17:11:39
Newcastle vs Everton,Премьер-лига,2026-02-28,18:00,Исход,Победа хозяев (1),0.7654,1.84,0.5464,0.219,121.53,🔥 ВЫСОКАЯ,2026-02-28T17:12:41
Leeds vs Manchester City,Премьер-лига,2026-02-28,20:30,Тотал,Меньше 2.5,0.8289,2.1,0.4854,0.3435,168.35,🔥 ВЫСОКАЯ,2026-02-28T17:14:46
Oviedo vs Atletico Madrid,Ла Лига,2026-02-28,23:00,Исход,Ничья (X),0.5112,3.55,0.2899,0.2213,79.86,🔥 ВЫСОКАЯ,2026-02-28T17:19:31
Hellas Verona vs Napoli,Серия А,2026-02-28,20:00,Исход,Победа гостей (2),0.6692,1.68,0.5952,0.074,45.68,✅ СРЕДНЯЯ,2026-02-28T17:20:34
Inter vs Genoa,Серия А,2026-02-28,22:45,Исход,Победа хозяев (1),0.8993,1.36,0.7519,0.1474,154.88,🔥 ВЫСОКАЯ,2026-02-28T17:20:35
Bayer Leverkusen vs FSV Mainz 05,Бундеслига,2026-02-28,17:30,Исход,Победа хозяев (1),0.8642,1.74,0.5814,0.2828,170.17,🔥 ВЫСОКАЯ,2026-02-28T17:20:36
Borussia Mönchengladbach vs Union Berlin,Бундеслига,2026-02-28,17:30,Исход,Победа хозяев (1),0.8167,2.52,0.4082,0.4085,174.03,🔥 ВЫСОКАЯ,2026-02-28T17:20:37
1899 Hoffenheim vs FC St. Pauli,Бундеслига,2026-02-28,17:30,Тотал,Больше 2.5,0.6632,1.91,0.5236,0.1397,73.29,✅ СРЕДНЯЯ,2026-02-28T17:20:38
Borussia Dortmund vs Bayern München,Бундеслига,2026-02-28,20:30,Исход,Победа хозяев (1),0.5606,4.8,0.2217,0.3389,111.25,🔥 ВЫСОКАЯ,2026-02-28T17:20:40
Borussia Dortmund vs Bayern München,Бундеслига,2026-02-28,20:30,Тотал,Больше 3.5,0.7394,1.99,0.5025,0.2369,119.03,🔥 ВЫСОКАЯ,2026-02-28T17:20:40
Rennes vs Toulouse,Лига 1,2026-02-28,19:00,Исход,Победа хозяев (1),0.5588,2.02,0.4975,0.0613,31.58,📌 НИЗКАЯ,2026-02-28T17:20:41
Monaco vs Angers,Лига 1,2026-02-28,21:00,Исход,Победа хозяев (1),0.7973,1.51,0.6757,0.1216,99.94,🔥 ВЫСОКАЯ,2026-02-28T17:20:42
Heerenveen vs Sparta Rotterdam,Эредивизи,2026-02-28,18:30,Исход,Победа хозяев (1),0.5768,2.12,0.4717,0.1051,49.74,✅ СРЕДНЯЯ,2026-02-28T17:21:10
AVS vs Estrela,Примейра-лига,2026-02-28,18:30,Исход,Победа хозяев (1),0.5931,2.64,0.3861,0.207,86.24,🔥 ВЫСОКАЯ,2026-02-28T17:21:16
AVS vs Estrela,Примейра-лига,2026-02-28,18:30,Тотал,Больше 2.5,0.589,2.06,0.5051,0.084,50.33,✅ СРЕДНЯЯ,2026-02-28T17:21:16
Nacional vs SC Braga,Примейра-лига,2026-02-28,21:00,Исход,Победа хозяев (1),0.5388,6.2,0.1689,0.3699,112.52,🔥 ВЫСОКАЯ,2026-02-28T17:21:17
Nacional vs SC Braga,Примейра-лига,2026-02-28,21:00,Тотал,Больше 2.5,0.5972,1.86,0.5376,0.0595,32.19,📌 НИЗКАЯ,2026-02-28T17:21:17
Brighton vs Nottingham Forest,Премьер-лига,2026-03-01,17:00,Исход,Победа хозяев (1),0.6885,2.1,0.4926,0.1959,50.0,🔥 ВЫСОКАЯ,2026-03-01T03:16:11
Brighton vs Nottingham Forest,Премьер-лига,2026-03-01,17:00,Тотал,Больше 2.5,0.6793,1.86,0.5376,0.1416,50.0,✅ СРЕДНЯЯ,2026-03-01T03:16:11
Fulham vs Tottenham,Премьер-лига,2026-03-01,17:00,Исход,Победа хозяев (1),0.6317,2.06,0.5051,0.1267,50.0,✅ СРЕДНЯЯ,2026-03-01T03:17:46
Arsenal vs Chelsea,Премьер-лига,2026-03-01,19:30,Исход,Победа хозяев (1),0.7805,1.62,0.6329,0.1476,50.0,🔥 ВЫСОКАЯ,2026-03-01T03:20:56
Brighton vs Nottingham Forest,Премьер-лига,2026-03-01,17:00,Исход,Победа хозяев (1),0.6885,2.1,0.4926,0.1959,50.0,🔥 ВЫСОКАЯ,2026-03-01T03:30:29
Brighton vs Nottingham Forest,Премьер-лига,2026-03-01,17:00,Тотал,Больше 2.5,0.6793,1.86,0.5376,0.1416,50.0,✅ СРЕДНЯЯ,2026-03-01T03:30:29
Fulham vs Tottenham,Премьер-лига,2026-03-01,17:00,Исход,Победа хозяев (1),0.6317,2.06,0.5051,0.1267,50.0,✅ СРЕДНЯЯ,2026-03-01T03:32:04
Arsenal vs Chelsea,Премьер-лига,2026-03-01,19:30,Исход,Победа хозяев (1),0.7805,1.63,0.6329,0.1476,50.0,🔥 ВЫСОКАЯ,2026-03-01T03:35:14
Elche vs Espanyol,Ла Лига,2026-03-01,16:00,Тотал,Меньше 2.5,0.8466,1.87,0.5348,0.3119,50.0,🔥 ВЫСОКАЯ,2026-03-01T03:36:51
Valencia vs Osasuna,Ла Лига,2026-03-01,18:15,Исход,Победа хозяев (1),0.5071,2.54,0.4098,0.0973,50.0,✅ СРЕДНЯЯ,2026-03-01T03:38:25
Real Betis vs Sevilla,Ла Лига,2026-03-01,20:30,Исход,Победа хозяев (1),0.7011,1.85,0.5556,0.1456,50.0,🔥 ВЫСОКАЯ,2026-03-01T03:40:00
Real Betis vs Sevilla,Ла Лига,2026-03-01,20:30,Тотал,Больше 2.5,0.7104,2.02,0.495,0.2153,50.0,🔥 ВЫСОКАЯ,2026-03-01T03:40:00
Girona vs Celta Vigo,Ла Лига,2026-03-01,23:00,Исход,Победа хозяев (1),0.5291,2.46,0.4132,0.1159,50.0,✅ СРЕДНЯЯ,2026-03-01T03:41:35
Girona vs Celta Vigo,Ла Лига,2026-03-01,23:00,Тотал,Больше 2.5,0.577,2.0,0.5,0.077,42.36,✅ СРЕДНЯЯ,2026-03-01T03:41:35
Cremonese vs AC Milan,Серия А,2026-03-01,14:30,Тотал,Меньше 2.5,0.8217,1.99,0.5025,0.3192,50.0,🔥 ВЫСОКАЯ,2026-03-01T03:43:10
Sassuolo vs Atalanta,Серия А,2026-03-01,17:00,Тотал,Меньше 2.5,0.8177,1.98,0.5051,0.3126,50.0,🔥 ВЫСОКАЯ,2026-03-01T03:44:45
AS Roma vs Juventus,Серия А,2026-03-01,22:45,Исход,Победа хозяев (1),0.673,2.76,0.3717,0.3012,50.0,🔥 ВЫСОКАЯ,2026-03-01T03:45:51
Eintracht Frankfurt vs SC Freiburg,Бундеслига,2026-03-01,19:30,Исход,Победа хозяев (1),0.6634,2.2,0.4651,0.1983,50.0,🔥 ВЫСОКАЯ,2026-03-01T03:46:56
Paris FC vs Nice,Лига 1,2026-03-01,17:00,Исход,Победа хозяев (1),0.7375,2.48,0.4115,0.326,50.0,🔥 ВЫСОКАЯ,2026-03-01T03:48:02
Paris FC vs Nice,Лига 1,2026-03-01,17:00,Тотал,Больше 2.5,0.7572,1.95,0.5128,0.2443,50.0,🔥 ВЫСОКАЯ,2026-03-01T03:48:02
Lille vs Nantes,Лига 1,2026-03-01,19:15,Тотал,Больше 2.5,0.6423,1.85,0.5405,0.1018,50.0,✅ СРЕДНЯЯ,2026-03-01T03:48:34
Lorient vs Auxerre,Лига 1,2026-03-01,19:15,Исход,Победа хозяев (1),0.5552,2.14,0.4854,0.0698,45.41,📌 НИЗКАЯ,2026-03-01T03:49:07
Marseille vs Lyon,Лига 1,2026-03-01,22:45,Исход,Победа хозяев (1),0.6826,2.04,0.4975,0.185,50.0,🔥 ВЫСОКАЯ,2026-03-01T03:50:12
FC Volendam vs Groningen,Эредивизи,2026-03-01,16:30,Исход,Победа хозяев (1),0.7114,4.0,0.2591,0.4523,50.0,🔥 ВЫСОКАЯ,2026-03-01T10:46:00
Utrecht vs AZ Alkmaar,Эредивизи,2026-03-01,18:45,Тотал,Меньше 2.5,0.5337,2.12,0.4902,0.0435,32.27,📌 НИЗКАЯ,2026-03-01T10:47:05
Excelsior vs GO Ahead Eagles,Эредивизи,2026-03-01,22:00,Исход,Победа хозяев (1),0.6095,2.5,0.4016,0.2079,50.0,🔥 ВЫСОКАЯ,2026-03-01T10:47:37
Tondela vs Santa Clara,Примейра-лига,2026-03-01,18:30,Исход,Победа хозяев (1),0.5705,3.35,0.2994,0.2711,50.0,🔥 ВЫСОКАЯ,2026-03-01T10:48:11
Casa Pia vs Moreirense,Примейра-лига,2026-03-01,21:00,Исход,Победа хозяев (1),0.5801,2.68,0.3731,0.2069,50.0,🔥 ВЫСОКАЯ,2026-03-01T10:48:44
Samsunspor vs Gaziantep FK,Суперлига Турции,2026-03-01,20:00,Тотал,Больше 2.5,0.5884,1.96,0.5102,0.0782,43.93,✅ СРЕДНЯЯ,2026-03-01T10:50:53
Real Madrid vs Getafe,Ла Лига,2026-03-02,23:00,Исход,Победа хозяев (1),0.8759,1.36,0.7576,0.1183,50.0,🔥 ВЫСОКАЯ,2026-03-02T07:23:58
Real Madrid vs Getafe,Ла Лига,2026-03-02,23:00,Тотал,Больше 2.5,0.8232,2.02,0.5128,0.3103,50.0,🔥 ВЫСОКАЯ,2026-03-02T07:23:58
Real Madrid vs Getafe,Ла Лига,2026-03-02,23:00,Тотал,Больше 2.5,0.773,2.02,0.5128,0.2602,50.0,🔥 ВЫСОКАЯ,2026-03-02T07:33:40
Real Madrid vs Getafe,Ла Лига,2026-03-02,23:00,Исход,Победа хозяев (1),0.8566,1.36,0.7576,0.099,50.0,🔥 ВЫСОКАЯ,2026-03-02T07:33:40
GIL Vicente vs Benfica,Примейра-лига,2026-03-02,23:15,Тотал,Больше 2.5,0.5988,2.04,0.5,0.0988,39.96,✅ СРЕДНЯЯ,2026-03-02T07:42:06
Real Madrid vs Getafe,Ла Лига,2026-03-02,23:00,Тотал,Больше 2.5,0.7716,2.04,0.5076,0.264,50.0,🔥 ВЫСОКАЯ,2026-03-02T07:57:35
Real Madrid vs Getafe,Ла Лига,2026-03-02,23:00,Исход,Победа хозяев (1),0.8566,1.36,0.7576,0.099,50.0,🔥 ВЫСОКАЯ,2026-03-02T07:57:35
Real Madrid vs Getafe,Ла Лига,2026-03-02,23:00,Обе забьют,Нет,0.5714,2.13,0.4695,0.1019,36.03,✅ СРЕДНЯЯ,2026-03-02T07:57:35
Реал Мадрид vs Хетафе,Ла Лига,2026-03-02,23:00,Тотал,Больше 2.5,0.7716,2.04,0.5076,0.264,50.0,🔥 ВЫСОКАЯ,2026-03-02T08:04:17
Реал Мадрид vs Хетафе,Ла Лига,2026-03-02,23:00,Исход,Победа хозяев (1),0.8566,1.36,0.7576,0.099,50.0,🔥 ВЫСОКАЯ,2026-03-02T08:04:17
Реал Мадрид vs Хетафе,Ла Лига,2026-03-02,23:00,Обе забьют,Нет,0.5714,2.13,0.4695,0.1019,36.03,✅ СРЕДНЯЯ,2026-03-02T08:04:17
Удинезе vs Фиорентина,Серия А,2026-03-02,22:45,Обе забьют,Да,0.64,1.73,0.578,0.0619,27.52,✅ СРЕДНЯЯ,2026-03-02T08:09:34
Реал Мадрид vs Хетафе,Ла Лига,2026-03-02,23:00,Тотал,Больше 2.5,0.6561,2.04,0.5076,0.1485,50.0,✅ СРЕДНЯЯ,2026-03-02T08:13:34
Реал Мадрид vs Хетафе,Ла Лига,2026-03-02,23:00,Обе забьют,Нет,0.5775,2.13,0.4695,0.108,38.18,✅ СРЕДНЯЯ,2026-03-02T08:13:34
Удинезе vs Фиорентина,Серия А,2026-03-02,22:45,Обе забьют,Да,0.64,1.73,0.578,0.0619,27.52,✅ СРЕДНЯЯ,2026-03-02T08:18:43
Жил Висенте vs Бенфика,Примейра-лига,2026-03-02,23:15,Тотал,Больше 2.5,0.6413,2.06,0.4926,0.1487,50.0,✅ СРЕДНЯЯ,2026-03-02T08:21:22
Жил Висенте vs Бенфика,Примейра-лига,2026-03-02,23:15,Обе забьют,Да,0.6548,1.67,0.5988,0.056,26.19,✅ СРЕДНЯЯ,2026-03-02T08:21:22
Реал Мадрид vs Хетафе,Ла Лига,2026-03-02,23:00,Обе забьют,Нет,0.5489,2.09,0.4785,0.104,25.34,📌 НИЗКАЯ,2026-03-02T12:18:30
Реал Мадрид vs Хетафе,Ла Лига,2026-03-02,23:00,Тотал,Больше 2.5,0.5813,2.04,0.5051,0.0916,33.52,📌 НИЗКАЯ,2026-03-02T12:18:30
Жил Висенте vs Бенфика,Примейра-лига,2026-03-02,23:15,Тотал,Больше 2.5,0.5928,1.98,0.5102,0.0967,33.25,📌 НИЗКАЯ,2026-03-02T12:26:15
Брайтон vs Арсенал,Премьер-лига,2026-03-04,22:30,Тотал,Больше 2.5,0.6229,2.01,0.5,0.1384,46.79,✅ СРЕДНЯЯ,2026-03-02T18:53:46
Реал Мадрид vs Хетафе,Ла Лига,2026-03-02,23:00,Обе забьют,Нет,0.5436,2.09,0.4785,0.0987,23.43,📌 НИЗКАЯ,2026-03-02T18:59:19
Брайтон vs Арсенал,Премьер-лига,2026-03-04,22:30,Тотал,Больше 2.5,0.6234,2.01,0.5,0.1376,46.98,✅ СРЕДНЯЯ,2026-03-02T23:35:28
Реал Мадрид vs Хетафе,Ла Лига,2026-03-02,23:00,Обе забьют,Нет,0.5436,2.09,0.4785,0.0987,23.43,📌 НИЗКАЯ,2026-03-02T23:43:49
Wolves vs Ливерпуль,Премьер-лига,2026-03-03,23:15,Тотал,Больше 2.5,0.5613,5.5,0.1818,0.2593,50.0,📌 НИЗКАЯ,2026-03-03T09:33:50
Dundee Utd vs ST Mirren,Шотл. Премьершип,2026-03-03,22:45,Тотал,Больше 1.5,0.711,2.75,0.3636,0.151,50.0,🔥 ВЫСОКАЯ,2026-03-03T09:38:40
Dundee Utd vs ST Mirren,Шотл. Премьершип,2026-03-03,22:45,Евр.Гандикап,Хозяева +1,0.6537,1.73,0.578,0.1161,33.61,✅ СРЕДНЯЯ,2026-03-03T09:38:40
Dundee Utd vs ST Mirren,Шотл. Премьершип,2026-03-03,22:45,Двойной шанс,12 (не ничья),0.6699,1.62,0.6173,0.0958,25.78,✅ СРЕДНЯЯ,2026-03-03T09:38:40
Борнмут vs Брентфорд,Премьер-лига,2026-03-03,22:30,Двойной шанс,12 (не ничья),0.7048,1.53,0.6536,0.0969,27.71,✅ СРЕДНЯЯ,60.5,2026-03-03T12:53:58
Борнмут vs Брентфорд,Премьер-лига,2026-03-03,22:30,Двойной шанс,1X (хозяева или ничья),0.7273,1.44,0.6944,0.0814,20.13,✅ СРЕДНЯЯ,57.6,2026-03-03T12:53:58
Борнмут vs Брентфорд,Премьер-лига,2026-03-03,22:30,Тотал,Больше 2.5,0.5121,5.5,0.1818,0.2172,50.0,📌 НИЗКАЯ,43.0,2026-03-03T12:53:58
Борнмут vs Брентфорд,Премьер-лига,2026-03-03,22:30,Тотал 1Т,Больше 0.5,0.7487,1.3,0.7692,0.0333,0.0,📌 НИЗКАЯ,36.9,2026-03-03T12:53:58
Эвертон vs Бёрнли,Премьер-лига,2026-03-03,22:30,Тотал 1Т,Меньше 1.5,0.7925,1.42,0.7042,0.1376,50.0,🔥 ВЫСОКАЯ,77.0,2026-03-03T12:58:50
Эвертон vs Бёрнли,Премьер-лига,2026-03-03,22:30,Обе забьют,Нет,0.6821,1.8,0.5556,0.1654,50.0,✅ СРЕДНЯЯ,64.6,2026-03-03T12:58:50
Эвертон vs Бёрнли,Премьер-лига,2026-03-03,22:30,Евр.Гандикап,Гости -2,0.5984,8.0,0.125,0.4821,50.0,✅ СРЕДНЯЯ,57.9,2026-03-03T12:58:50
Эвертон vs Бёрнли,Премьер-лига,2026-03-03,22:30,Двойной шанс,X2 (гости или ничья),0.5313,2.3,0.4348,0.127,32.03,📌 НИЗКАЯ,44.5,2026-03-03T12:58:50
Эвертон vs Бёрнли,Премьер-лига,2026-03-03,22:30,Тотал,Меньше 3.5,0.9395,2.1,0.4762,0.0304,50.0,📌 НИЗКАЯ,36.1,2026-03-03T12:58:50
Лидс vs Сандерленд,Премьер-лига,2026-03-03,22:30,Тотал 1Т,Меньше 1.5,0.8325,1.35,0.7407,0.1436,50.0,🔥 ВЫСОКАЯ,77.0,2026-03-03T13:03:43
Лидс vs Сандерленд,Премьер-лига,2026-03-03,22:30,Обе забьют,Нет,0.7211,1.8,0.5556,0.2044,50.0,🔥 ВЫСОКАЯ,74.7,2026-03-03T13:03:43
Лидс vs Сандерленд,Премьер-лига,2026-03-03,22:30,Евр.Гандикап,Гости -2,0.6328,8.0,0.125,0.5165,50.0,✅ СРЕДНЯЯ,60.6,2026-03-03T13:03:43
Лидс vs Сандерленд,Премьер-лига,2026-03-03,22:30,Двойной шанс,X2 (гости или ничья),0.6173,1.83,0.5464,0.1091,29.28,✅ СРЕДНЯЯ,57.1,2026-03-03T13:03:43
Лидс vs Сандерленд,Премьер-лига,2026-03-03,22:30,Тотал 1Т,Меньше 0.5,0.5247,2.68,0.3731,0.1777,45.34,📌 НИЗКАЯ,44.0,2026-03-03T13:03:43
Лидс vs Сандерленд,Премьер-лига,2026-03-03,22:30,Тотал,Меньше 3.5,0.9591,2.2,0.4545,0.0371,50.0,📌 НИЗКАЯ,38.1,2026-03-03T13:03:43
Вулверхэмптон vs Ливерпуль,Премьер-лига,2026-03-03,23:15,Двойной шанс,12 (не ничья),0.7247,1.5,0.6667,0.1047,32.65,✅ СРЕДНЯЯ,64.4,2026-03-03T13:08:29
Вулверхэмптон vs Ливерпуль,Премьер-лига,2026-03-03,23:15,Евр.Гандикап,Гости -1,0.5615,7.5,0.1333,0.4375,50.0,📌 НИЗКАЯ,46.9,2026-03-03T13:08:29
Вулверхэмптон vs Ливерпуль,Премьер-лига,2026-03-03,23:15,Тотал,Больше 2.5,0.5565,5.5,0.1818,0.2545,50.0,📌 НИЗКАЯ,46.5,2026-03-03T13:08:29
Вулверхэмптон vs Ливерпуль,Премьер-лига,2026-03-03,23:15,Обе забьют,Да,0.5142,4.0,0.25,0.2817,50.0,📌 НИЗКАЯ,43.1,2026-03-03T13:08:29
Вулверхэмптон vs Ливерпуль,Премьер-лига,2026-03-03,23:15,Тотал 1Т,Больше 0.5,0.7751,1.27,0.7874,0.0428,0.0,📌 НИЗКАЯ,39.8,2026-03-03T13:08:29
Данди Юнайтед vs Сент-Мирен,Шотл. Премьершип,2026-03-03,22:45,Тотал,Больше 1.5,0.7236,2.75,0.3636,0.1636,50.0,🔥 ВЫСОКАЯ,74.9,2026-03-03T13:12:18
Данди Юнайтед vs Сент-Мирен,Шотл. Премьершип,2026-03-03,22:45,Евр.Гандикап,Хозяева +1,0.6634,1.73,0.578,0.1258,37.91,✅ СРЕДНЯЯ,63.1,2026-03-03T13:12:18
Данди Юнайтед vs Сент-Мирен,Шотл. Премьершип,2026-03-03,22:45,Двойной шанс,12 (не ничья),0.6779,1.62,0.6173,0.1038,29.69,✅ СРЕДНЯЯ,60.4,2026-03-03T13:12:18
Данди Юнайтед vs Сент-Мирен,Шотл. Премьершип,2026-03-03,22:45,Евр.Гандикап,Гости -2,0.5128,11.0,0.0909,0.4283,50.0,📌 НИЗКАЯ,43.0,2026-03-03T13:12:18
Данди Юнайтед vs Сент-Мирен,Шотл. Премьершип,2026-03-03,22:45,Тотал 1Т,Больше 0.5,0.7121,1.4,0.7143,0.0478,0.0,📌 НИЗКАЯ,38.3,2026-03-03T13:12:18
Данди Юнайтед vs Сент-Мирен,Шотл. Премьершип,2026-03-03,22:45,Двойной шанс,1X (хозяева или ничья),0.7077,1.4,0.7143,0.0434,0.0,📌 НИЗКАЯ,36.6,2026-03-03T13:12:18
Ипсвич vs Халл,Чемпионшип,2026-03-03,22:45,📊 xG прогноз,Больше 1.5 (45%)  |  xG 0.8:0.7,0.4505,0.0,0.4505,0.0,0.0,📊 ИНФО,0.0,2026-03-03T13:15:04
Борнмут vs Брентфорд,Премьер-лига,2026-03-03,22:30,Двойной шанс,12 (не ничья),0.7048,1.53,0.6536,0.0969,27.71,✅ СРЕДНЯЯ,60.5,2026-03-03T17:56:08
Борнмут vs Брентфорд,Премьер-лига,2026-03-03,22:30,Двойной шанс,1X (хозяева или ничья),0.7273,1.44,0.6944,0.0814,20.13,✅ СРЕДНЯЯ,57.6,2026-03-03T17:56:08
Борнмут vs Брентфорд,Премьер-лига,2026-03-03,22:30,Тотал,Больше 2.5,0.5121,5.5,0.1818,0.2172,50.0,📌 НИЗКАЯ,43.0,2026-03-03T17:56:08
Борнмут vs Брентфорд,Премьер-лига (Англия),2026-03-03,22:30,📊 xG прогноз,Больше 1.5 (84%)  |  xG 2.3:0.9,0.842,0.0,0.842,0.0,0.0,📊 ИНФО,0.0,2026-03-03T22:25:47
Эвертон vs Бёрнли,Премьер-лига (Англия),2026-03-03,22:30,📊 xG прогноз,Больше 1.5 (84%)  |  xG 2.3:0.9,0.842,0.0,0.842,0.0,0.0,📊 ИНФО,0.0,2026-03-03T22:28:06
Лидс vs Сандерленд,Премьер-лига (Англия),2026-03-03,22:30,📊 xG прогноз,Больше 1.5 (84%)  |  xG 2.3:0.9,0.842,0.0,0.842,0.0,0.0,📊 ИНФО,0.0,2026-03-03T22:30:24
Вулверхэмптон vs Ливерпуль,Премьер-лига (Англия),2026-03-03,23:15,📊 xG прогноз,Больше 1.5 (84%)  |  xG 2.3:0.9,0.8374,0.0,0.8374,0.0,0.0,📊 ИНФО,0.0,2026-03-03T22:32:42
Port Vale vs Бристоль,Кубок Англии (FA Cup),2026-03-03,22:45,📊 xG прогноз,Больше 1.5 (83%)  |  xG 2.1:1.0,0.827,0.0,0.827,0.0,0.0,📊 ИНФО,0.0,2026-03-03T22:35:01
Комо vs Интер,Кубок Испании (Copa del Rey),2026-03-03,23:00,📊 xG прогноз,Больше 1.5 (83%)  |  xG 2.1:0.9,0.8263,0.0,0.8263,0.0,0.0,📊 ИНФО,0.0,2026-03-03T22:37:19
Данди Юнайтед vs Сент-Мирен,Шотл. Премьершип,2026-03-03,22:45,📊 xG прогноз,Больше 1.5 (83%)  |  xG 2.1:1.0,0.8342,0.0,0.8342,0.0,0.0,📊 ИНФО,0.0,2026-03-03T22:39:37
Ипсвич vs Халл,Чемпионшип (Англия Д2),2026-03-03,22:45,📊 xG прогноз,Больше 1.5 (83%)  |  xG 2.1:1.0,0.8342,0.0,0.8342,0.0,0.0,📊 ИНФО,0.0,2026-03-03T22:41:55
Интер vs Servette FC,Суперлига Швейцарии,2026-03-03,22:30,📊 xG прогноз,Больше 1.5 (83%)  |  xG 2.1:1.0,0.8343,0.0,0.8343,0.0,0.0,📊 ИНФО,0.0,2026-03-03T22:43:32
Борнмут vs Брентфорд,Премьер-лига (Англия),2026-03-03,22:30,📊 xG прогноз,Больше 2.5 (63%)  |  xG 2.1:1.1,0.6271,0.0,0.6271,0.0,0.0,📊 ИНФО,0.0,2026-03-03T23:06:22
Эвертон vs Бёрнли,Премьер-лига (Англия),2026-03-03,22:30,📊 xG прогноз,Больше 1.5 (83%)  |  xG 2.1:1.0,0.8259,0.0,0.8259,0.0,0.0,📊 ИНФО,0.0,2026-03-03T23:08:40
Эвертон vs Бёрнли,Премьер-лига (Англия),2026-03-03,22:30,Двойной шанс,1X (хозяева или ничья),0.8035,1.3,0.7692,0.0881,27.82,✅ СРЕДНЯЯ,61.4,2026-03-03T23:50:53
Эвертон vs Бёрнли,Премьер-лига (Англия),2026-03-03,22:30,Фора,Хозяева +1,0.6381,3.83,0.2611,0.3953,50.0,✅ СРЕДНЯЯ,61.0,2026-03-03T23:50:53
Эвертон vs Бёрнли,Премьер-лига (Англия),2026-03-03,22:30,Исход,Победа хозяев (1),0.5722,1.98,0.5051,0.105,25.45,📌 НИЗКАЯ,44.3,2026-03-03T23:50:53
Эвертон vs Бёрнли,Премьер-лига (Англия),2026-03-03,22:30,Тотал,Больше 2.5,0.5759,1.72,0.5814,0.0382,0.0,📌 НИЗКАЯ,24.5,2026-03-03T23:50:53
Борнмут vs Брентфорд,Премьер-лига (Англия),2026-03-03,22:30,Двойной шанс,1X (хозяева или ничья),0.815,1.3,0.7692,0.0996,37.17,✅ СРЕДНЯЯ,64.9,2026-03-03T23:53:12
Борнмут vs Брентфорд,Премьер-лига (Англия),2026-03-03,22:30,Фора,Хозяева +1,0.6496,3.83,0.2611,0.4068,50.0,✅ СРЕДНЯЯ,62.0,2026-03-03T23:53:12
Борнмут vs Брентфорд,Премьер-лига (Англия),2026-03-03,22:30,Исход,Победа хозяев (1),0.5973,1.98,0.5051,0.13,34.95,✅ СРЕДНЯЯ,57.8,2026-03-03T23:53:12
Борнмут vs Брентфорд,Премьер-лига (Англия),2026-03-03,22:30,Тотал 1Т,Больше 0.5,0.7563,1.29,0.7752,0.0354,0.0,📌 НИЗКАЯ,37.6,2026-03-03T23:53:12
Борнмут vs Брентфорд,Премьер-лига (Англия),2026-03-03,22:30,Тотал,Больше 2.5,0.6062,1.72,0.5814,0.0685,11.1,📌 НИЗКАЯ,36.0,2026-03-03T23:53:12
Лидс vs Сандерленд,Премьер-лига (Англия),2026-03-03,22:30,DNB,Хозяева (DNB),0.7176,1.5,0.6667,0.0976,28.66,✅ СРЕДНЯЯ,61.7,2026-03-03T23:55:30
Лидс vs Сандерленд,Премьер-лига (Англия),2026-03-03,22:30,Фора,Хозяева +1,0.6244,3.83,0.2611,0.3816,50.0,✅ СРЕДНЯЯ,60.0,2026-03-03T23:55:30
Лидс vs Сандерленд,Премьер-лига (Англия),2026-03-03,22:30,Двойной шанс,1X (хозяева или ничья),0.7898,1.3,0.7692,0.0744,16.68,✅ СРЕДНЯЯ,57.3,2026-03-03T23:55:30
Борнмут vs Брентфорд,Премьер-лига (Англия),2026-03-03,22:30,Двойной шанс,1X (хозяева или ничья),0.7971,1.4,0.7143,0.1328,50.0,🔥 ВЫСОКАЯ,77.0,2026-03-04T00:21:26
Борнмут vs Брентфорд,Премьер-лига (Англия),2026-03-03,22:30,Фора,Хозяева +1,0.6444,4.08,0.2451,0.4164,50.0,✅ СРЕДНЯЯ,61.6,2026-03-04T00:21:26
Борнмут vs Брентфорд,Премьер-лига (Англия),2026-03-03,22:30,Исход,Победа хозяев (1),0.5899,2.15,0.4651,0.1548,43.74,✅ СРЕДНЯЯ,57.2,2026-03-04T00:21:26
Лидс vs Сандерленд,Премьер-лига (Англия),2026-03-03,22:30,Фора,Хозяева +1,0.6208,4.0,0.25,0.3883,50.0,✅ СРЕДНЯЯ,59.7,2026-03-04T00:23:45
Лидс vs Сандерленд,Премьер-лига (Англия),2026-03-03,22:30,Двойной шанс,1X (хозяева или ничья),0.7937,1.28,0.7812,0.0671,10.64,📌 НИЗКАЯ,47.1,2026-03-04T00:23:45
Лидс vs Сандерленд,Премьер-лига (Англия),2026-03-03,22:30,Исход,Победа хозяев (1),0.5356,1.99,0.5025,0.0657,12.48,📌 НИЗКАЯ,34.6,2026-03-04T00:23:45
Эвертон vs Бёрнли,Премьер-лига (Англия),2026-03-03,22:30,Двойной шанс,1X (хозяева или ничья),0.8016,1.31,0.7634,0.0916,30.27,✅ СРЕДНЯЯ,62.5,2026-03-04T00:26:03
Эвертон vs Бёрнли,Премьер-лига (Англия),2026-03-03,22:30,Фора,Хозяева +1,0.639,3.79,0.2639,0.3936,50.0,✅ СРЕДНЯЯ,61.1,2026-03-04T00:26:03
Эвертон vs Бёрнли,Премьер-лига (Англия),2026-03-03,22:30,Исход,Победа хозяев (1),0.5728,1.99,0.5025,0.103,26.5,📌 НИЗКАЯ,43.7,2026-03-04T00:26:03
Вулверхэмптон vs Ливерпуль,Премьер-лига (Англия),2026-03-03,23:15,Двойной шанс,1X (хозяева или ничья),0.7727,1.36,0.7353,0.0889,26.52,✅ СРЕДНЯЯ,61.7,2026-03-04T00:28:21
Вулверхэмптон vs Ливерпуль,Премьер-лига (Англия),2026-03-03,23:15,Фора,Хозяева +1,0.6088,4.32,0.2315,0.3935,50.0,✅ СРЕДНЯЯ,58.7,2026-03-04T00:28:21
Вулверхэмптон vs Ливерпуль,Премьер-лига (Англия),2026-03-03,23:15,Исход,Победа хозяев (1),0.5361,2.14,0.4673,0.0996,24.22,📌 НИЗКАЯ,39.8,2026-03-04T00:28:21
Вулверхэмптон vs Ливерпуль,Премьер-лига (Англия),2026-03-03,23:15,Тотал,Больше 2.5,0.5674,1.78,0.5618,0.0433,2.38,📌 НИЗКАЯ,25.4,2026-03-04T00:28:21
Фулхэм vs Вест Хэм,Премьер-лига (Англия),2026-03-04,22:30,Двойной шанс,1X (хозяева или ничья),0.7453,1.47,0.6803,0.1126,38.11,✅ СРЕДНЯЯ,68.4,2026-03-04T00:31:35
Фулхэм vs Вест Хэм,Премьер-лига (Англия),2026-03-04,22:30,Фора,Хозяева +1,0.6001,4.27,0.2342,0.3823,50.0,✅ СРЕДНЯЯ,58.0,2026-03-04T00:31:35
Фулхэм vs Вест Хэм,Премьер-лига (Англия),2026-03-04,22:30,Исход,Победа хозяев (1),0.5293,2.26,0.4425,0.1151,29.19,📌 НИЗКАЯ,43.9,2026-03-04T00:31:35
Ман Сити vs Ноттингем,Премьер-лига (Англия),2026-03-04,22:30,Двойной шанс,1X (хозяева или ничья),0.7748,1.4,0.7143,0.1105,39.71,✅ СРЕДНЯЯ,68.2,2026-03-04T00:33:54
Ман Сити vs Ноттингем,Премьер-лига (Англия),2026-03-04,22:30,Фора,Хозяева +1,0.6193,4.23,0.2364,0.3994,50.0,✅ СРЕДНЯЯ,59.5,2026-03-04T00:33:54
Ман Сити vs Ноттингем,Премьер-лига (Англия),2026-03-04,22:30,Исход,Победа хозяев (1),0.5568,2.18,0.4587,0.128,33.99,📌 НИЗКАЯ,46.5,2026-03-04T00:33:54
Ман Сити vs Ноттингем,Премьер-лига (Англия),2026-03-04,22:30,Тотал,Больше 2.5,0.6318,1.56,0.641,0.0339,0.0,📌 НИЗКАЯ,27.7,2026-03-04T00:33:54
Брайтон vs Арсенал,Премьер-лига (Англия),2026-03-04,22:30,Фора,Хозяева +1,0.6247,3.56,0.2809,0.3635,50.0,✅ СРЕДНЯЯ,60.0,2026-03-04T00:36:12
Брайтон vs Арсенал,Премьер-лига (Англия),2026-03-04,22:30,Двойной шанс,1X (хозяева или ничья),0.7857,1.29,0.7752,0.0647,8.72,📌 НИЗКАЯ,46.4,2026-03-04T00:36:12
Брайтон vs Арсенал,Премьер-лига (Англия),2026-03-04,22:30,Тотал 1Т,Больше 0.5,0.7639,1.27,0.7874,0.0316,0.0,📌 НИЗКАЯ,36.5,2026-03-04T00:36:12
Брайтон vs Арсенал,Премьер-лига (Англия),2026-03-04,22:30,Тотал,Больше 2.5,0.6273,1.63,0.6135,0.0551,6.69,📌 НИЗКАЯ,33.7,2026-03-04T00:36:12
Брайтон vs Арсенал,Премьер-лига (Англия),2026-03-04,22:30,Исход,Победа хозяев (1),0.5588,1.92,0.5208,0.0719,14.84,📌 НИЗКАЯ,33.3,2026-03-04T00:36:12
Астон Вилла vs Челси,Премьер-лига (Англия),2026-03-04,22:30,Двойной шанс,1X (хозяева или ничья),0.7523,1.4,0.7143,0.088,24.95,✅ СРЕДНЯЯ,61.4,2026-03-04T00:38:30
Астон Вилла vs Челси,Премьер-лига (Англия),2026-03-04,22:30,Фора,Хозяева +1,0.5968,4.23,0.2364,0.3769,50.0,✅ СРЕДНЯЯ,57.7,2026-03-04T00:38:30
Астон Вилла vs Челси,Премьер-лига (Англия),2026-03-04,22:30,Исход,Победа хозяев (1),0.5156,2.18,0.4587,0.0867,19.69,📌 НИЗКАЯ,34.3,2026-03-04T00:38:30
Ньюкасл vs Ман Юнайтед,Премьер-лига (Англия),2026-03-04,23:15,DNB,Хозяева (DNB),0.6687,1.64,0.6098,0.1016,28.31,✅ СРЕДНЯЯ,59.0,2026-03-04T00:40:49
Ньюкасл vs Ман Юнайтед,Премьер-лига (Англия),2026-03-04,23:15,Двойной шанс,1X (хозяева или ничья),0.7543,1.37,0.7299,0.0755,16.95,✅ СРЕДНЯЯ,57.6,2026-03-04T00:40:49
Ньюкасл vs Ман Юнайтед,Премьер-лига (Англия),2026-03-04,23:15,Фора,Хозяева +1,0.5889,4.51,0.2217,0.3827,50.0,✅ СРЕДНЯЯ,57.1,2026-03-04T00:40:49
Райо Вальекано vs Реал Овьедо,Ла Лига (Испания),2026-03-04,21:00,Фора,Хозяева +1,0.681,3.14,0.3185,0.3848,50.0,✅ СРЕДНЯЯ,64.5,2026-03-04T00:43:08
Райо Вальекано vs Реал Овьедо,Ла Лига (Испания),2026-03-04,21:00,Двойной шанс,1X (хозяева или ничья),0.8377,1.25,0.8,0.0937,35.37,✅ СРЕДНЯЯ,63.1,2026-03-04T00:43:08
Райо Вальекано vs Реал Овьедо,Ла Лига (Испания),2026-03-04,21:00,Исход,Победа хозяев (1),0.6377,1.79,0.5587,0.1146,33.57,✅ СРЕДНЯЯ,60.4,2026-03-04T00:43:08
Райо Вальекано vs Реал Овьедо,Ла Лига (Испания),2026-03-04,21:00,Двойной шанс,12 (не ничья),0.8022,1.21,0.8264,0.0336,0.0,📌 НИЗКАЯ,37.1,2026-03-04T00:43:08
Райо Вальекано vs Реал Овьедо,Ла Лига (Испания),2026-03-04,21:00,Тотал 1Т,Больше 0.5,0.7813,1.24,0.8065,0.0313,0.0,📌 НИЗКАЯ,36.4,2026-03-04T00:43:08
Райо Вальекано vs Реал Овьедо,Ла Лига (Испания),2026-03-04,21:00,Тотал,Больше 2.5,0.6603,1.54,0.6494,0.0532,5.86,📌 НИЗКАЯ,35.8,2026-03-04T00:43:08
Эвертон vs Бёрнли,Премьер-лига (Англия),2026-03-03,22:30,Двойной шанс,1X (хозяева или ничья),0.8016,1.31,0.7634,0.0916,30.27,✅ СРЕДНЯЯ,62.5,2026-03-04T12:56:34
Эвертон vs Бёрнли,Премьер-лига (Англия),2026-03-03,22:30,Фора,Хозяева +1,0.639,3.79,0.2639,0.3936,50.0,✅ СРЕДНЯЯ,61.1,2026-03-04T12:56:34
Эвертон vs Бёрнли,Премьер-лига (Англия),2026-03-03,22:30,Исход,Победа хозяев (1),0.5728,1.99,0.5025,0.103,26.5,📌 НИЗКАЯ,43.7,2026-03-04T12:56:34
Астон Вилла vs Челси,Премьер-лига (Англия),2026-03-04,22:30,Двойной шанс,1X (хозяева или ничья),0.7523,1.4,0.7143,0.088,24.95,✅ СРЕДНЯЯ,61.4,2026-03-04T13:14:04
Астон Вилла vs Челси,Премьер-лига (Англия),2026-03-04,22:30,Фора,Хозяева +1,0.5968,4.23,0.2364,0.3769,50.0,✅ СРЕДНЯЯ,57.7,2026-03-04T13:14:04
Астон Вилла vs Челси,Премьер-лига (Англия),2026-03-04,22:30,Исход,Победа хозяев (1),0.5156,2.18,0.4587,0.0867,19.69,📌 НИЗКАЯ,34.3,2026-03-04T13:14:04
Фулхэм vs Вест Хэм,Премьер-лига (Англия),2026-03-04,22:30,Двойной шанс,1X (хозяева или ничья),0.7453,1.47,0.6803,0.1126,38.11,✅ СРЕДНЯЯ,68.4,2026-03-04T13:16:22
Фулхэм vs Вест Хэм,Премьер-лига (Англия),2026-03-04,22:30,Фора,Хозяева +1,0.6001,4.27,0.2342,0.3823,50.0,✅ СРЕДНЯЯ,58.0,2026-03-04T13:16:22
Фулхэм vs Вест Хэм,Премьер-лига (Англия),2026-03-04,22:30,Исход,Победа хозяев (1),0.5293,2.26,0.4425,0.1151,29.19,📌 НИЗКАЯ,43.9,2026-03-04T13:16:22
Брайтон vs Арсенал,Премьер-лига (Англия),2026-03-04,22:30,Фора,Хозяева +1,0.6247,3.56,0.2809,0.3635,50.0,✅ СРЕДНЯЯ,60.0,2026-03-04T13:18:40
Брайтон vs Арсенал,Премьер-лига (Англия),2026-03-04,22:30,Двойной шанс,1X (хозяева или ничья),0.7857,1.29,0.7752,0.0647,8.72,📌 НИЗКАЯ,46.4,2026-03-04T13:18:40
Брайтон vs Арсенал,Премьер-лига (Англия),2026-03-04,22:30,Тотал 1Т,Больше 0.5,0.7639,1.27,0.7874,0.0316,0.0,📌 НИЗКАЯ,36.5,2026-03-04T13:18:40
Брайтон vs Арсенал,Премьер-лига (Англия),2026-03-04,22:30,Тотал,Больше 2.5,0.6273,1.63,0.6135,0.0551,6.69,📌 НИЗКАЯ,33.7,2026-03-04T13:18:40
Брайтон vs Арсенал,Премьер-лига (Англия),2026-03-04,22:30,Исход,Победа хозяев (1),0.5588,1.92,0.5208,0.0719,14.84,📌 НИЗКАЯ,33.3,2026-03-04T13:18:40
Фулхэм vs Вест Хэм,Премьер-лига (Англия),2026-03-04,22:30,Двойной шанс,1X (хозяева или ничья),0.7453,1.47,0.6803,0.1126,38.11,✅ СРЕДНЯЯ,68.4,2026-03-04T13:36:12
Фулхэм vs Вест Хэм,Премьер-лига (Англия),2026-03-04,22:30,Фора,Хозяева +1,0.6001,4.27,0.2342,0.3823,50.0,✅ СРЕДНЯЯ,58.0,2026-03-04T13:36:12
Фулхэм vs Вест Хэм,Премьер-лига (Англия),2026-03-04,22:30,Исход,Победа хозяев (1),0.5293,2.26,0.4425,0.1151,29.19,📌 НИЗКАЯ,43.9,2026-03-04T13:36:12
Ман Сити vs Ноттингем,Премьер-лига (Англия),2026-03-04,22:30,Фора,Хозяева +1,0.7748,1.4,0.7143,0.1105,39.73,✅ СРЕДНЯЯ,68.2,2026-03-04T13:50:09
Ман Сити vs Ноттингем,Премьер-лига (Англия),2026-03-04,22:30,Двойной шанс,1X (хозяева или ничья),0.7748,1.4,0.7143,0.1105,39.71,✅ СРЕДНЯЯ,68.2,2026-03-04T13:50:09
Ман Сити vs Ноттингем,Премьер-лига (Англия),2026-03-04,22:30,Исход,Победа хозяев (1),0.5568,2.18,0.4587,0.128,33.99,📌 НИЗКАЯ,46.5,2026-03-04T13:50:09
Ман Сити vs Ноттингем,Премьер-лига (Англия),2026-03-04,22:30,Фора,Хозяева +2,0.9037,1.1,0.9091,0.0583,0.0,📌 НИЗКАЯ,44.5,2026-03-04T13:50:09
Ман Сити vs Ноттингем,Премьер-лига (Англия),2026-03-04,22:30,Тотал,Больше 2.5,0.6318,1.56,0.641,0.0339,0.0,📌 НИЗКАЯ,27.7,2026-03-04T13:50:09
Фулхэм vs Вест Хэм,Премьер-лига (Англия),2026-03-04,22:30,Двойной шанс,1X (хозяева или ничья),0.7453,1.47,0.6803,0.1126,38.11,✅ СРЕДНЯЯ,68.4,2026-03-04T14:22:43
Фулхэм vs Вест Хэм,Премьер-лига (Англия),2026-03-04,22:30,Исход,Победа хозяев (1),0.5293,2.26,0.4425,0.1151,29.19,📌 НИЗКАЯ,43.9,2026-03-04T14:22:43
Астон Вилла vs Челси,Премьер-лига (Англия),2026-03-04,22:30,Двойной шанс,1X (хозяева или ничья),0.7523,1.4,0.7143,0.088,24.95,✅ СРЕДНЯЯ,61.4,2026-03-04T14:25:02
Астон Вилла vs Челси,Премьер-лига (Англия),2026-03-04,22:30,Исход,Победа хозяев (1),0.5156,2.18,0.4587,0.0867,19.69,📌 НИЗКАЯ,34.3,2026-03-04T14:25:02
Брайтон vs Арсенал,Премьер-лига (Англия),2026-03-04,22:30,Двойной шанс,1X (хозяева или ничья),0.7857,1.29,0.7752,0.0647,8.72,📌 НИЗКАЯ,46.4,2026-03-04T14:27:19
Брайтон vs Арсенал,Премьер-лига (Англия),2026-03-04,22:30,Тотал 1Т,Больше 0.5,0.7639,1.27,0.7874,0.0316,0.0,📌 НИЗКАЯ,36.5,2026-03-04T14:27:19
Брайтон vs Арсенал,Премьер-лига (Англия),2026-03-04,22:30,Тотал,Больше 2.5,0.6273,1.63,0.6135,0.0551,6.69,📌 НИЗКАЯ,33.7,2026-03-04T14:27:19
Брайтон vs Арсенал,Премьер-лига (Англия),2026-03-04,22:30,Исход,Победа хозяев (1),0.5588,1.92,0.5208,0.0719,14.84,📌 НИЗКАЯ,33.3,2026-03-04T14:27:19
Ман Сити vs Ноттингем,Премьер-лига (Англия),2026-03-04,22:30,Двойной шанс,1X (хозяева или ничья),0.7748,1.4,0.7143,0.1105,39.71,✅ СРЕДНЯЯ,68.2,2026-03-04T14:29:37
Ман Сити vs Ноттингем,Премьер-лига (Англия),2026-03-04,22:30,АГ,Хозяева -0.5,0.5722,2.18,0.4587,0.1456,39.31,📌 НИЗКАЯ,47.8,2026-03-04T14:29:37
Ман Сити vs Ноттингем,Премьер-лига (Англия),2026-03-04,22:30,Исход,Победа хозяев (1),0.5568,2.18,0.4587,0.128,33.99,📌 НИЗКАЯ,46.5,2026-03-04T14:29:37
Ман Сити vs Ноттингем,Премьер-лига (Англия),2026-03-04,22:30,Тотал,Больше 2.5,0.6318,1.56,0.641,0.0339,0.0,📌 НИЗКАЯ,27.7,2026-03-04T14:29:37
Ньюкасл vs Ман Юнайтед,Премьер-лига (Англия),2026-03-04,23:15,DNB,Хозяева (DNB),0.6687,1.64,0.6098,0.1016,28.31,✅ СРЕДНЯЯ,59.0,2026-03-04T14:31:56
Ньюкасл vs Ман Юнайтед,Премьер-лига (Англия),2026-03-04,23:15,Двойной шанс,1X (хозяева или ничья),0.7543,1.37,0.7299,0.0755,16.95,✅ СРЕДНЯЯ,57.6,2026-03-04T14:31:56
Райо Вальекано vs Реал Овьедо,Ла Лига (Испания),2026-03-04,21:00,АГ,Хозяева -0.5,0.6642,1.79,0.5587,0.1447,44.84,✅ СРЕДНЯЯ,60.1,2026-03-04T14:38:39
Райо Вальекано vs Реал Овьедо,Ла Лига (Испания),2026-03-04,21:00,Двойной шанс,1X (хозяева или ничья),0.837,1.25,0.8,0.093,34.7,✅ СРЕДНЯЯ,59.9,2026-03-04T14:38:39
Райо Вальекано vs Реал Овьедо,Ла Лига (Испания),2026-03-04,21:00,Исход,Победа хозяев (1),0.6333,1.79,0.5587,0.1103,31.73,✅ СРЕДНЯЯ,55.8,2026-03-04T14:38:39
Райо Вальекано vs Реал Овьедо,Ла Лига (Испания),2026-03-04,21:00,АГ,Хозяева -1,0.5388,2.43,0.4115,0.156,40.54,📌 НИЗКАЯ,42.1,2026-03-04T14:38:39
Райо Вальекано vs Реал Овьедо,Ла Лига (Испания),2026-03-04,21:00,Тотал,Больше 2.5,0.6475,1.54,0.6494,0.0403,0.0,📌 НИЗКАЯ,27.9,2026-03-04T14:38:39
Фулхэм vs Вест Хэм,Премьер-лига (Англия),2026-03-04,22:30,Двойной шанс,1X (хозяева или ничья),0.7453,1.47,0.6803,0.1126,38.11,✅ СРЕДНЯЯ,68.4,2026-03-04T17:18:18
Фулхэм vs Вест Хэм,Премьер-лига (Англия),2026-03-04,22:30,Победа без ничьей,Хозяева (Ф1/DNB),0.6731,1.75,0.5714,0.1417,44.48,✅ СРЕДНЯЯ,63.8,2026-03-04T17:18:18
Фулхэм vs Вест Хэм,Премьер-лига (Англия),2026-03-04,22:30,Исход,Победа хозяев (1),0.5293,2.26,0.4425,0.1151,29.19,📌 НИЗКАЯ,43.9,2026-03-04T17:18:18
Астон Вилла vs Челси,Премьер-лига (Англия),2026-03-04,22:30,Победа без ничьей,Хозяева (Ф1/DNB),0.6735,1.66,0.6024,0.1133,33.53,✅ СРЕДНЯЯ,62.9,2026-03-04T17:20:36
Астон Вилла vs Челси,Премьер-лига (Англия),2026-03-04,22:30,Двойной шанс,1X (хозяева или ничья),0.7523,1.4,0.7143,0.088,24.95,✅ СРЕДНЯЯ,61.4,2026-03-04T17:20:36
Астон Вилла vs Челси,Премьер-лига (Англия),2026-03-04,22:30,Исход,Победа хозяев (1),0.5156,2.18,0.4587,0.0867,19.69,📌 НИЗКАЯ,34.3,2026-03-04T17:20:36
Ман Сити vs Ноттингем,Премьер-лига (Англия),2026-03-04,22:30,Победа без ничьей,Хозяева (Ф1/DNB),0.7086,1.66,0.6024,0.1484,50.0,🔥 ВЫСОКАЯ,73.7,2026-03-04T17:22:54
Ман Сити vs Ноттингем,Премьер-лига (Англия),2026-03-04,22:30,Двойной шанс,1X (хозяева или ничья),0.7748,1.4,0.7143,0.1105,39.71,✅ СРЕДНЯЯ,68.2,2026-03-04T17:22:54
Ман Сити vs Ноттингем,Премьер-лига (Англия),2026-03-04,22:30,Исход,Победа хозяев (1),0.5568,2.18,0.4587,0.128,33.99,📌 НИЗКАЯ,46.5,2026-03-04T17:22:54
Ман Сити vs Ноттингем,Премьер-лига (Англия),2026-03-04,22:30,Тотал,Больше 2.5,0.6318,1.56,0.641,0.0339,0.0,📌 НИЗКАЯ,27.7,2026-03-04T17:22:54
Брайтон vs Арсенал,Премьер-лига (Англия),2026-03-04,22:30,Тотал 1Т,Больше 0.5,0.7639,1.27,0.7874,0.0316,0.0,📌 НИЗКАЯ,36.5,2026-03-04T17:40:58
Брайтон vs Арсенал,Премьер-лига (Англия),2026-03-04,22:30,Тотал,Больше 2.5,0.6273,1.63,0.6135,0.0551,6.69,📌 НИЗКАЯ,33.7,2026-03-04T17:40:58
Брайтон vs Арсенал,Премьер-лига (Англия),2026-03-04,22:30,Исход,Победа хозяев (1),0.5588,1.92,0.5208,0.0719,14.84,📌 НИЗКАЯ,33.3,2026-03-04T17:40:58
Ман Сити vs Ноттингем,Премьер-лига (Англия),2026-03-04,22:30,Исход,Победа хозяев (1),0.5568,2.18,0.4587,0.128,33.99,📌 НИЗКАЯ,46.5,2026-03-04T17:43:06
Ман Сити vs Ноттингем,Премьер-лига (Англия),2026-03-04,22:30,Тотал,Больше 2.5,0.6318,1.56,0.641,0.0339,0.0,📌 НИЗКАЯ,27.7,2026-03-04T17:43:06
Фулхэм vs Вест Хэм,Премьер-лига (Англия),2026-03-04,22:30,Исход,Победа хозяев (1),0.5293,2.26,0.4425,0.1151,29.19,📌 НИЗКАЯ,43.9,2026-03-04T17:45:14
Астон Вилла vs Челси,Премьер-лига (Англия),2026-03-04,22:30,Исход,Победа хозяев (1),0.5156,2.18,0.4587,0.0867,19.69,📌 НИЗКАЯ,34.3,2026-03-04T17:47:21
Ньюкасл vs Ман Юнайтед,Премьер-лига (Англия),2026-03-04,23:15,DNB,Хозяева (DNB),0.7234,1.64,0.6098,0.1563,0.0,📊 ИНФО,0.0,2026-03-04T17:49:30
Райо Вальекано vs Реал Овьедо,Ла Лига (Испания),2026-03-04,21:00,Исход,Победа хозяев (1),0.6377,1.79,0.5587,0.1146,33.57,✅ СРЕДНЯЯ,60.4,2026-03-04T17:51:38
Райо Вальекано vs Реал Овьедо,Ла Лига (Испания),2026-03-04,21:00,Тотал 1Т,Больше 0.5,0.7813,1.24,0.8065,0.0313,0.0,📌 НИЗКАЯ,36.4,2026-03-04T17:51:38
Райо Вальекано vs Реал Овьедо,Ла Лига (Испания),2026-03-04,21:00,Тотал,Больше 2.5,0.6603,1.54,0.6494,0.0532,5.86,📌 НИЗКАЯ,35.8,2026-03-04T17:51:38
Гамбург vs Байер,Бундеслига (Германия),2026-03-04,22:30,Исход,Победа хозяев (1),0.5535,1.97,0.5076,0.079,17.49,📌 НИЗКАЯ,35.0,2026-03-04T17:53:46
Гамбург vs Байер,Бундеслига (Германия),2026-03-04,22:30,Тотал,Больше 2.5,0.6025,1.67,0.5988,0.042,1.72,📌 НИЗКАЯ,27.8,2026-03-04T17:53:46
Тоттенхэм vs Кристал Пэлас,Премьер-лига (Англия),2026-03-05,23:00,Исход,Победа хозяев (1),0.5568,2.18,0.4587,0.128,50.0,📌 НИЗКАЯ,46.5,2026-03-05T11:58:00
Тоттенхэм vs Кристал Пэлас,Премьер-лига (Англия),2026-03-05,23:00,Тотал,Больше 2.5,0.6318,1.56,0.641,0.0339,0.0,📌 НИЗКАЯ,27.7,2026-03-05T11:58:00
Тоттенхэм vs Кристал Пэлас,Премьер-лига (Англия),2026-03-05,23:00,Исход,Победа хозяев (1),0.5568,2.18,0.4587,0.128,50.0,📌 НИЗКАЯ,46.5,2026-03-05T12:35:44
Тоттенхэм vs Кристал Пэлас,Премьер-лига (Англия),2026-03-05,23:00,Тотал,Больше 2.5,0.6318,1.56,0.641,0.0339,0.0,📌 НИЗКАЯ,27.7,2026-03-05T12:35:44
Тоттенхэм vs Кристал Пэлас,Премьер-лига (Англия),2026-03-05,23:00,Исход,Победа хозяев (1),0.5568,2.18,0.4587,0.128,50.0,📌 НИЗКАЯ,46.5,2026-03-05T12:51:59
Тоттенхэм vs Кристал Пэлас,Премьер-лига (Англия),2026-03-05,23:00,Тотал,Больше 2.5,0.6318,1.56,0.641,0.0339,0.0,📌 НИЗКАЯ,27.7,2026-03-05T12:51:59
Сельта vs Реал Мадрид,Ла Лига (Испания),2026-03-06,23:00,Тотал,Меньше 3.5,0.6131,1.72,0.5814,0.0694,23.69,📌 НИЗКАЯ,36.9,2026-03-06T11:28:31
Наполи vs Торино,Серия А (Италия),2026-03-06,22:45,Исход,Победа хозяев (1),0.5667,1.94,0.5155,0.0851,33.06,📌 НИЗКАЯ,37.9,2026-03-06T11:32:54
Наполи vs Торино,Серия А (Италия),2026-03-06,22:45,Тотал,Больше 2.5,0.5996,1.65,0.6061,0.0327,0.0,📌 НИЗКАЯ,24.8,2026-03-06T11:32:54
Bayern München vs Боруссия М,Бундеслига (Германия),2026-03-06,22:30,Исход,Победа хозяев (1),0.6612,1.91,0.5236,0.1717,50.0,✅ СРЕДНЯЯ,67.9,2026-03-06T11:35:32
Bayern München vs Боруссия М,Бундеслига (Германия),2026-03-06,22:30,Тотал,Больше 2.5,0.6743,1.63,0.6135,0.0999,49.15,✅ СРЕДНЯЯ,58.9,2026-03-06T11:35:32
Bayern München vs Боруссия М,Бундеслига (Германия),2026-03-06,22:30,Тотал 1Т,Больше 0.5,0.79,1.26,0.7937,0.0519,0.0,📌 НИЗКАЯ,42.6,2026-03-06T11:35:32
ПСЖ vs Монако,Лига 1 (Франция),2026-03-06,22:45,Исход,Победа хозяев (1),0.5615,1.94,0.5155,0.0798,29.66,📌 НИЗКАЯ,35.9,2026-03-06T11:38:10
ПСЖ vs Монако,Лига 1 (Франция),2026-03-06,22:45,Тотал,Больше 2.5,0.5986,1.65,0.6061,0.0317,0.0,📌 НИЗКАЯ,24.4,2026-03-06T11:38:10
Heracles Almelo vs Утрехт,Эредивизи (Нидерланды),2026-03-06,22:00,Исход,Победа хозяев (1),0.5888,1.76,0.5682,0.0573,14.91,📌 НИЗКАЯ,31.3,2026-03-06T11:42:24
Famalicão vs Ароука,Примейра-лига (Португалия),2026-03-06,23:15,Исход,Победа хозяев (1),0.6033,1.88,0.5319,0.1058,47.64,✅ СРЕДНЯЯ,60.0,2026-03-06T11:44:38
Famalicão vs Ароука,Примейра-лига (Португалия),2026-03-06,23:15,Тотал,Больше 2.5,0.6095,1.65,0.6061,0.0437,2.75,📌 НИЗКАЯ,28.9,2026-03-06T11:44:38
Престон vs Оксфорд,Чемпионшип (Англия Д2),2026-03-06,23:00,Исход,Победа хозяев (1),0.5535,2.04,0.4902,0.0952,38.81,📌 НИЗКАЯ,39.8,2026-03-06T11:46:46
Престон vs Оксфорд,Чемпионшип (Англия Д2),2026-03-06,23:00,Тотал,Больше 2.5,0.6059,1.65,0.6061,0.0389,0.0,📌 НИЗКАЯ,27.1,2026-03-06T11:46:46
Осасуна vs Мальорка,Ла Лига (Испания),2026-03-07,16:00,Исход,Победа хозяев (1),0.6007,1.91,0.5236,0.1112,40.46,✅ СРЕДНЯЯ,61.4,2026-03-07T02:22:10
Осасуна vs Мальорка,Ла Лига (Испания),2026-03-07,16:00,Тотал,Больше 2.5,0.6261,1.63,0.6135,0.0517,8.14,📌 НИЗКАЯ,32.6,2026-03-07T02:22:10
Levante UD vs Жирона,Ла Лига (Испания),2026-03-07,18:15,Исход,Победа хозяев (1),0.6707,1.72,0.5814,0.1269,50.0,✅ СРЕДНЯЯ,68.7,2026-03-07T02:24:42
Levante UD vs Жирона,Ла Лига (Испания),2026-03-07,18:15,Тотал,Больше 2.5,0.666,1.49,0.6711,0.0395,0.0,📌 НИЗКАЯ,32.1,2026-03-07T02:24:42
Club Atlético de Madrid vs Реал Сосьедад,Ла Лига (Испания),2026-03-07,20:30,Тотал,Больше 2.5,0.6648,1.71,0.5848,0.1184,48.16,✅ СРЕДНЯЯ,63.2,2026-03-07T02:27:14
Club Atlético de Madrid vs Реал Сосьедад,Ла Лига (Испания),2026-03-07,20:30,Исход,Победа хозяев (1),0.6492,1.96,0.5102,0.1718,50.0,✅ СРЕДНЯЯ,61.9,2026-03-07T02:27:14
Club Atlético de Madrid vs Реал Сосьедад,Ла Лига (Испания),2026-03-07,20:30,Тотал 1Т,Больше 0.5,0.7839,1.29,0.7752,0.0629,9.65,📌 НИЗКАЯ,45.9,2026-03-07T02:27:14
Атлетик Бильбао vs Барселона,Ла Лига (Испания),2026-03-07,23:00,Исход,Победа хозяев (1),0.5725,2.04,0.4902,0.1144,40.36,📌 НИЗКАЯ,47.1,2026-03-07T02:29:46
Атлетик Бильбао vs Барселона,Ла Лига (Испания),2026-03-07,23:00,Тотал,Больше 2.5,0.5935,1.72,0.5814,0.0497,7.23,📌 НИЗКАЯ,29.4,2026-03-07T02:29:46
Кальяри vs Комо,Серия А (Италия),2026-03-07,17:00,Исход,Победа хозяев (1),0.5637,1.99,0.5025,0.0938,30.72,📌 НИЗКАЯ,40.2,2026-03-07T02:32:07
Кальяри vs Комо,Серия А (Италия),2026-03-07,17:00,Тотал,Больше 2.5,0.5953,1.68,0.5952,0.0397,0.03,📌 НИЗКАЯ,26.5,2026-03-07T02:32:07
Аталанта vs Удинезе,Серия А (Италия),2026-03-07,20:00,Исход,Победа хозяев (1),0.6206,1.73,0.578,0.0805,25.21,✅ СРЕДНЯЯ,48.8,2026-03-07T02:34:14
Аталанта vs Удинезе,Серия А (Италия),2026-03-07,20:00,Тотал 1Т,Больше 0.5,0.731,1.33,0.7519,0.0317,0.0,📌 НИЗКАЯ,35.0,2026-03-07T02:34:14
Аталанта vs Удинезе,Серия А (Италия),2026-03-07,20:00,Тотал,Больше 2.5,0.5591,1.84,0.5435,0.0511,8.58,📌 НИЗКАЯ,27.1,2026-03-07T02:34:14
Ювентус vs Пиза,Серия А (Италия),2026-03-07,22:45,DNB,Хозяева (DNB),0.6652,1.65,0.6061,0.1016,0.0,📊 ИНФО,0.0,2026-03-07T02:36:22
РБ Лейпциг vs Аугсбург,Бундеслига (Германия),2026-03-07,17:30,Исход,Победа хозяев (1),0.5605,1.94,0.5155,0.0788,23.23,📌 НИЗКАЯ,35.5,2026-03-07T02:38:30
Вольфсбург vs Гамбург,Бундеслига (Германия),2026-03-07,17:30,Исход,Победа хозяев (1),0.5621,1.91,0.5236,0.0726,20.21,📌 НИЗКАЯ,38.7,2026-03-07T12:22:20
Хайденхайм vs Хоффенхайм,Бундеслига (Германия),2026-03-07,17:30,Исход,Победа хозяев (1),0.5579,1.99,0.5025,0.0881,27.83,📌 НИЗКАЯ,38.1,2026-03-07T12:24:28
Фрайбург vs Байер,Бундеслига (Германия),2026-03-07,17:30,Исход,Победа хозяев (1),0.5579,1.99,0.5025,0.0881,27.83,📌 НИЗКАЯ,38.1,2026-03-07T12:26:35
Майнц vs Штутгарт,Бундеслига (Германия),2026-03-07,17:30,Исход,Победа хозяев (1),0.5621,1.91,0.5236,0.0726,20.21,📌 НИЗКАЯ,38.7,2026-03-07T12:28:43
1. Köln vs Боруссия Д,Бундеслига (Германия),2026-03-07,20:30,Исход,Победа хозяев (1),0.5579,1.99,0.5025,0.0881,27.83,📌 НИЗКАЯ,38.1,2026-03-07T12:31:13
Нант vs Анже,Лига 1 (Франция),2026-03-07,19:00,DNB,Хозяева (DNB),0.6628,1.87,0.5348,0.1655,0.0,📊 ИНФО,0.0,2026-03-07T12:33:21
Осер vs Страсбур,Лига 1 (Франция),2026-03-07,21:00,Исход,Победа хозяев (1),0.5586,1.99,0.5025,0.0888,28.2,📌 НИЗКАЯ,38.3,2026-03-07T12:35:28
Осер vs Страсбур,Лига 1 (Франция),2026-03-07,21:00,Тотал,Больше 2.5,0.5945,1.68,0.5952,0.0389,0.0,📌 НИЗКАЯ,26.2,2026-03-07T12:35:28
Тулуза vs Марсель,Лига 1 (Франция),2026-03-07,23:05,Исход,Победа хозяев (1),0.5586,1.99,0.5025,0.0888,28.2,📌 НИЗКАЯ,38.3,2026-03-07T12:37:36
Тулуза vs Марсель,Лига 1 (Франция),2026-03-07,23:05,Тотал,Больше 2.5,0.5945,1.68,0.5952,0.0389,0.0,📌 НИЗКАЯ,26.2,2026-03-07T12:37:36
Groningen vs Аякс,Эредивизи (Нидерланды),2026-03-07,18:30,Исход,Победа хозяев (1),0.5716,2.08,0.4808,0.1225,43.75,📌 НИЗКАЯ,47.7,2026-03-07T12:39:45
ПСВ vs АЗ,Эредивизи (Нидерланды),2026-03-07,22:00,Тотал,Меньше 3.5,0.5721,2.1,0.4762,0.1262,45.79,📌 НИЗКАЯ,47.8,2026-03-07T12:41:52
ПСВ vs АЗ,Эредивизи (Нидерланды),2026-03-07,22:00,Тотал 1Т,Меньше 1.5,0.5326,1.99,0.5025,0.0653,15.13,📌 НИЗКАЯ,29.2,2026-03-07T12:41:52
SBV Excelsior vs SC Heerenveen,Эредивизи (Нидерланды),2026-03-07,23:00,Исход,Победа хозяев (1),0.6384,1.69,0.5917,0.0852,28.58,✅ СРЕДНЯЯ,51.6,2026-03-07T12:44:01
SBV Excelsior vs SC Heerenveen,Эредивизи (Нидерланды),2026-03-07,23:00,Тотал,Больше 2.5,0.6027,1.64,0.6098,0.0331,0.0,📌 НИЗКАЯ,25.1,2026-03-07T12:44:01
Alverca vs AVS,Примейра-лига (Португалия),2026-03-07,18:30,Исход,Победа хозяев (1),0.5685,1.99,0.5025,0.0987,33.17,📌 НИЗКАЯ,42.1,2026-03-07T12:48:41
Alverca vs AVS,Примейра-лига (Португалия),2026-03-07,18:30,Тотал,Больше 2.5,0.5907,1.68,0.5952,0.0351,0.0,📌 НИЗКАЯ,24.8,2026-03-07T12:48:41
Морейренсе vs Насьонал,Примейра-лига (Португалия),2026-03-07,18:30,Исход,Победа хозяев (1),0.5685,1.99,0.5025,0.0987,33.17,📌 НИЗКАЯ,42.1,2026-03-07T12:50:48
Морейренсе vs Насьонал,Примейра-лига (Португалия),2026-03-07,18:30,Тотал,Больше 2.5,0.5907,1.68,0.5952,0.0351,0.0,📌 НИЗКАЯ,24.8,2026-03-07T12:50:48
Спортинг vs Спортинг,Примейра-лига (Португалия),2026-03-07,21:00,Исход,Победа хозяев (1),0.5685,1.99,0.5025,0.0987,33.17,📌 НИЗКАЯ,42.1,2026-03-07T12:52:15
Спортинг vs Спортинг,Примейра-лига (Португалия),2026-03-07,21:00,Тотал,Больше 2.5,0.5907,1.68,0.5952,0.0351,0.0,📌 НИЗКАЯ,24.8,2026-03-07T12:52:15
Эшторил vs Каза Пия,Примейра-лига (Португалия),2026-03-07,23:30,Исход,Победа хозяев (1),0.5685,1.99,0.5025,0.0987,33.17,📌 НИЗКАЯ,42.1,2026-03-07T12:54:23
Эшторил vs Каза Пия,Примейра-лига (Португалия),2026-03-07,23:30,Тотал,Больше 2.5,0.5907,1.68,0.5952,0.0351,0.0,📌 НИЗКАЯ,24.8,2026-03-07T12:54:23
Халл vs Миллуолл,Чемпионшип (Англия Д2),2026-03-07,15:30,Исход,Победа хозяев (1),0.5598,2.04,0.4902,0.1014,34.13,📌 НИЗКАЯ,42.2,2026-03-07T12:56:30
Халл vs Миллуолл,Чемпионшип (Англия Д2),2026-03-07,15:30,Тотал,Больше 2.5,0.6002,1.65,0.6061,0.0333,0.0,📌 НИЗКАЯ,25.0,2026-03-07T12:56:30
Блэкберн vs Портсмут,Чемпионшип (Англия Д2),2026-03-07,15:30,Исход,Победа хозяев (1),0.5535,2.04,0.4902,0.0952,31.05,📌 НИЗКАЯ,39.8,2026-03-07T12:58:38
Блэкберн vs Портсмут,Чемпионшип (Англия Д2),2026-03-07,15:30,Тотал,Больше 2.5,0.6059,1.65,0.6061,0.0389,0.0,📌 НИЗКАЯ,27.1,2026-03-07T12:58:38
Бристоль vs Ковентри,Чемпионшип (Англия Д2),2026-03-07,18:00,Исход,Победа хозяев (1),0.5535,2.04,0.4902,0.0952,31.05,📌 НИЗКАЯ,39.8,2026-03-07T13:00:46
Бристоль vs Ковентри,Чемпионшип (Англия Д2),2026-03-07,18:00,Тотал,Больше 2.5,0.6059,1.65,0.6061,0.0389,0.0,📌 НИЗКАЯ,27.1,2026-03-07T13:00:46
Суонси vs Сток,Чемпионшип (Англия Д2),2026-03-07,18:00,Исход,Победа хозяев (1),0.5535,2.04,0.4902,0.0952,31.05,📌 НИЗКАЯ,39.8,2026-03-07T13:02:53
Суонси vs Сток,Чемпионшип (Англия Д2),2026-03-07,18:00,Тотал,Больше 2.5,0.6059,1.65,0.6061,0.0389,0.0,📌 НИЗКАЯ,27.1,2026-03-07T13:02:53
Дерби vs Шеффилд Уэнсдей,Чемпионшип (Англия Д2),2026-03-07,18:00,Исход,Победа хозяев (1),0.5535,2.04,0.4902,0.0952,31.05,📌 НИЗКАЯ,39.8,2026-03-07T13:05:01
Дерби vs Шеффилд Уэнсдей,Чемпионшип (Англия Д2),2026-03-07,18:00,Тотал,Больше 2.5,0.6059,1.65,0.6061,0.0389,0.0,📌 НИЗКАЯ,27.1,2026-03-07T13:05:01
Ипсвич vs Лестер,Чемпионшип (Англия Д2),2026-03-07,18:00,Тотал,Больше 1.5,0.688,1.56,0.641,0.0891,32.73,✅ СРЕДНЯЯ,56.8,2026-03-07T13:07:09
Ипсвич vs Лестер,Чемпионшип (Англия Д2),2026-03-07,18:00,Тотал 1Т,Больше 0.5,0.6507,1.57,0.6369,0.0583,9.47,📌 НИЗКАЯ,36.5,2026-03-07T13:07:09
Шеффилд Юнайтед vs Вест Бромвич,Чемпионшип (Англия Д2),2026-03-07,18:00,Исход,Победа хозяев (1),0.6018,1.86,0.5376,0.0985,34.67,✅ СРЕДНЯЯ,52.7,2026-03-07T13:09:16
Шеффилд Юнайтед vs Вест Бромвич,Чемпионшип (Англия Д2),2026-03-07,18:00,Тотал 1Т,Больше 0.5,0.7427,1.31,0.7634,0.0327,0.0,📌 НИЗКАЯ,36.2,2026-03-07T13:09:16
Шеффилд Юнайтед vs Вест Бромвич,Чемпионшип (Англия Д2),2026-03-07,18:00,Тотал,Больше 2.5,0.5798,1.8,0.5556,0.0598,13.64,📌 НИЗКАЯ,31.3,2026-03-07T13:09:16
Charlton Athletic vs Бирмингем,Чемпионшип (Англия Д2),2026-03-07,18:00,Исход,Победа хозяев (1),0.6815,1.8,0.5556,0.1621,50.0,✅ СРЕДНЯЯ,64.5,2026-03-07T13:11:24
Charlton Athletic vs Бирмингем,Чемпионшип (Англия Д2),2026-03-07,18:00,Тотал,Больше 2.5,0.6655,1.55,0.6452,0.063,14.34,📌 НИЗКАЯ,39.1,2026-03-07T13:11:24
Charlton Athletic vs Бирмингем,Чемпионшип (Англия Д2),2026-03-07,18:00,Тотал 1Т,Больше 0.5,0.7857,1.24,0.8065,0.0357,0.0,📌 НИЗКАЯ,37.7,2026-03-07T13:11:24
Вильярреал vs Elche CF,Ла Лига (Испания),2026-03-08,16:00,Исход,Победа хозяев (1),0.5951,1.94,0.5155,0.1135,41.09,✅ СРЕДНЯЯ,56.7,2026-03-08T02:45:34
Вильярреал vs Elche CF,Ла Лига (Испания),2026-03-08,16:00,Тотал,Больше 2.5,0.6195,1.65,0.6061,0.0526,8.54,📌 НИЗКАЯ,32.3,2026-03-08T02:45:34
Хетафе vs Бетис,Ла Лига (Испания),2026-03-08,18:15,Тотал,Больше 1.5,0.728,1.36,0.7353,0.0392,0.0,📌 НИЗКАЯ,37.0,2026-03-08T02:48:06
Севилья vs Райо Вальекано,Ла Лига (Испания),2026-03-08,20:30,Исход,Победа хозяев (1),0.6007,1.91,0.5236,0.1112,40.46,✅ СРЕДНЯЯ,61.4,2026-03-08T02:50:38
Севилья vs Райо Вальекано,Ла Лига (Испания),2026-03-08,20:30,Тотал,Больше 2.5,0.6261,1.63,0.6135,0.0517,8.14,📌 НИЗКАЯ,32.6,2026-03-08T02:50:38
Валенсия vs Deportivo Alavés,Ла Лига (Испания),2026-03-08,23:00,Тотал,Больше 2.5,0.5901,1.94,0.5155,0.1074,38.51,✅ СРЕДНЯЯ,54.4,2026-03-08T02:53:10
Валенсия vs Deportivo Alavés,Ла Лига (Испания),2026-03-08,23:00,Тотал 1Т,Больше 0.5,0.7456,1.35,0.7407,0.0567,4.65,📌 НИЗКАЯ,43.7,2026-03-08T02:53:10
Валенсия vs Deportivo Alavés,Ла Лига (Испания),2026-03-08,23:00,Исход,Победа хозяев (1),0.5324,1.93,0.5181,0.0482,7.43,📌 НИЗКАЯ,24.1,2026-03-08T02:53:10
Лечче vs Кремонезе,Серия А (Италия),2026-03-08,14:30,Исход,Победа хозяев (1),0.5637,1.99,0.5025,0.0938,30.72,📌 НИЗКАЯ,40.2,2026-03-08T02:55:43
Лечче vs Кремонезе,Серия А (Италия),2026-03-08,14:30,Тотал,Больше 2.5,0.5953,1.68,0.5952,0.0397,0.03,📌 НИЗКАЯ,26.5,2026-03-08T02:55:43
Фиорентина vs Парма,Серия А (Италия),2026-03-08,17:00,Исход,Победа хозяев (1),0.6048,1.84,0.5435,0.0969,33.57,✅ СРЕДНЯЯ,52.5,2026-03-08T02:58:15
Фиорентина vs Парма,Серия А (Италия),2026-03-08,17:00,Тотал,Больше 2.5,0.63,1.58,0.6329,0.0383,0.0,📌 НИЗКАЯ,28.9,2026-03-08T02:58:15
Болонья vs Верона,Серия А (Италия),2026-03-08,17:00,Исход,Победа хозяев (1),0.5602,2.0,0.5,0.0923,30.1,📌 НИЗКАЯ,39.5,2026-03-08T03:00:22
Генуя vs Рома,Серия А (Италия),2026-03-08,20:00,Исход,Победа хозяев (1),0.5637,1.99,0.5025,0.0938,30.72,📌 НИЗКАЯ,40.2,2026-03-08T03:02:30
Генуя vs Рома,Серия А (Италия),2026-03-08,20:00,Тотал,Больше 2.5,0.5953,1.68,0.5952,0.0397,0.03,📌 НИЗКАЯ,26.5,2026-03-08T03:02:30
Милан vs Интер,Серия А (Италия),2026-03-08,22:45,Исход,Победа хозяев (1),0.5637,1.99,0.5025,0.0938,30.72,📌 НИЗКАЯ,40.2,2026-03-08T03:04:38
Милан vs Интер,Серия А (Италия),2026-03-08,22:45,Тотал,Больше 2.5,0.5953,1.68,0.5952,0.0397,0.03,📌 НИЗКАЯ,26.5,2026-03-08T03:04:38
Санкт-Паули vs Айнтрахт,Бундеслига (Германия),2026-03-08,17:30,Исход,Победа хозяев (1),0.5535,2.08,0.4808,0.1045,35.02,📌 НИЗКАЯ,42.6,2026-03-08T03:06:46
Унион Берлин vs Вердер,Бундеслига (Германия),2026-03-08,19:30,Исход,Победа хозяев (1),0.5579,1.99,0.5025,0.0881,27.83,📌 НИЗКАЯ,38.1,2026-03-08T03:08:54
Ланс vs Мец,Лига 1 (Франция),2026-03-08,17:00,Исход,Победа хозяев (1),0.5586,1.99,0.5025,0.0888,28.2,📌 НИЗКАЯ,38.3,2026-03-08T03:11:02
Ланс vs Мец,Лига 1 (Франция),2026-03-08,17:00,Тотал,Больше 2.5,0.5945,1.68,0.5952,0.0389,0.0,📌 НИЗКАЯ,26.2,2026-03-08T03:11:02
Лилль vs Лорьян,Лига 1 (Франция),2026-03-08,19:15,Исход,Победа хозяев (1),0.5363,2.18,0.4587,0.1078,35.82,📌 НИЗКАЯ,42.2,2026-03-08T03:13:09
Лилль vs Лорьян,Лига 1 (Франция),2026-03-08,19:15,Тотал,Больше 2.5,0.5582,1.81,0.5525,0.0422,3.2,📌 НИЗКАЯ,24.3,2026-03-08T03:13:09
Брест vs Гавр,Лига 1 (Франция),2026-03-08,19:15,Исход,Победа хозяев (1),0.5586,1.99,0.5025,0.0888,28.2,📌 НИЗКАЯ,38.3,2026-03-08T03:15:17
Брест vs Гавр,Лига 1 (Франция),2026-03-08,19:15,Тотал,Больше 2.5,0.5945,1.68,0.5952,0.0389,0.0,📌 НИЗКАЯ,26.2,2026-03-08T03:15:17
Ницца vs Ренн,Лига 1 (Франция),2026-03-08,19:15,Исход,Победа хозяев (1),0.5586,1.99,0.5025,0.0888,28.2,📌 НИЗКАЯ,38.3,2026-03-08T03:17:24
Ницца vs Ренн,Лига 1 (Франция),2026-03-08,19:15,Тотал,Больше 2.5,0.5945,1.68,0.5952,0.0389,0.0,📌 НИЗКАЯ,26.2,2026-03-08T03:17:24
Лион vs ПСЖ,Лига 1 (Франция),2026-03-08,22:45,Исход,Победа хозяев (1),0.5517,2.08,0.4808,0.1027,34.15,📌 НИЗКАЯ,41.9,2026-03-08T03:19:32
Лион vs ПСЖ,Лига 1 (Франция),2026-03-08,22:45,Тотал,Больше 2.5,0.5859,1.74,0.5747,0.0487,6.59,📌 НИЗКАЯ,28.5,2026-03-08T03:19:32
Спарта Роттердам vs PEC Zwolle,Эредивизи (Нидерланды),2026-03-08,14:15,Исход,Победа хозяев (1),0.5497,1.99,0.5025,0.0799,23.72,📌 НИЗКАЯ,34.9,2026-03-08T03:21:40
Спарта Роттердам vs PEC Zwolle,Эредивизи (Нидерланды),2026-03-08,14:15,Тотал,Меньше 3.5,0.6983,1.4,0.7143,0.0301,0.0,📌 НИЗКАЯ,31.9,2026-03-08T03:21:40
Go Ahead Eagles vs Твенте,Эредивизи (Нидерланды),2026-03-08,16:30,Тотал,Меньше 3.5,0.7114,1.5,0.6667,0.0883,33.55,✅ СРЕДНЯЯ,58.4,2026-03-08T03:23:48
Go Ahead Eagles vs Твенте,Эредивизи (Нидерланды),2026-03-08,16:30,Тотал 1Т,Меньше 1.5,0.634,1.58,0.6329,0.0454,0.73,📌 НИЗКАЯ,31.3,2026-03-08T03:23:48
Fortuna Sittard vs Telstar 1963,Эредивизи (Нидерланды),2026-03-08,16:30,Исход,Победа хозяев (1),0.5689,2.14,0.4673,0.132,47.69,📌 НИЗКАЯ,47.5,2026-03-08T03:25:56
NAC Breda vs Фейеноорд,Эредивизи (Нидерланды),2026-03-08,18:45,Тотал,Меньше 3.5,0.5875,1.91,0.5236,0.0982,33.54,✅ СРЕДНЯЯ,51.5,2026-03-08T03:28:04
NAC Breda vs Фейеноорд,Эредивизи (Нидерланды),2026-03-08,18:45,Тотал 1Т,Меньше 1.5,0.5422,1.87,0.5348,0.0449,4.02,📌 НИЗКАЯ,23.8,2026-03-08T03:28:04
НЕК vs Volendam,Эредивизи (Нидерланды),2026-03-08,22:00,DNB,Хозяева (DNB),0.7079,1.88,0.5319,0.2133,0.0,📊 ИНФО,0.0,2026-03-08T03:30:13
CF Estrela da Amadora vs Жил Висенте,Примейра-лига (Португалия),2026-03-08,18:30,Исход,Победа хозяев (1),0.631,1.73,0.578,0.0909,31.4,✅ СРЕДНЯЯ,52.8,2026-03-08T09:32:55
CF Estrela da Amadora vs Жил Висенте,Примейра-лига (Португалия),2026-03-08,18:30,Тотал 1Т,Больше 0.5,0.7229,1.35,0.7407,0.034,0.0,📌 НИЗКАЯ,35.0,2026-03-08T09:32:55
CF Estrela da Amadora vs Жил Висенте,Примейра-лига (Португалия),2026-03-08,18:30,Тотал,Больше 2.5,0.541,1.93,0.5181,0.057,11.87,📌 НИЗКАЯ,27.4,2026-03-08T09:32:55
Бенфика vs Порто,Примейра-лига (Португалия),2026-03-08,21:00,Исход,Победа хозяев (1),0.6948,1.51,0.6623,0.0749,24.07,✅ СРЕДНЯЯ,58.1,2026-03-08T09:35:03
Бенфика vs Порто,Примейра-лига (Португалия),2026-03-08,21:00,Тотал 1Т,Больше 1.5,0.512,1.94,0.5155,0.0326,0.0,📌 НИЗКАЯ,17.7,2026-03-08T09:35:03
Санта Клара vs Vitória,Примейра-лига (Португалия),2026-03-08,23:30,Исход,Победа хозяев (1),0.5685,1.99,0.5025,0.0987,33.17,📌 НИЗКАЯ,42.1,2026-03-08T09:37:11
Санта Клара vs Vitória,Примейра-лига (Португалия),2026-03-08,23:30,Тотал,Больше 2.5,0.5907,1.68,0.5952,0.0351,0.0,📌 НИЗКАЯ,24.8,2026-03-08T09:37:11
КПР vs Мидлсбро,Чемпионшип (Англия Д2),2026-03-08,19:30,Исход,Победа хозяев (1),0.6513,1.78,0.5618,0.1256,50.0,✅ СРЕДНЯЯ,62.1,2026-03-08T09:39:19
КПР vs Мидлсбро,Чемпионшип (Англия Д2),2026-03-08,19:30,Тотал,Больше 2.5,0.5586,1.78,0.5618,0.0345,0.0,📌 НИЗКАЯ,22.0,2026-03-08T09:39:19
Вильярреал vs Elche CF,Ла Лига (Испания),2026-03-08,16:00,Исход,Победа хозяев (1),0.5951,1.94,0.5155,0.1135,41.09,✅ СРЕДНЯЯ,56.7,2026-03-08T10:04:41
Вильярреал vs Elche CF,Ла Лига (Испания),2026-03-08,16:00,Тотал,Больше 2.5,0.6195,1.65,0.6061,0.0526,8.54,📌 НИЗКАЯ,32.3,2026-03-08T10:04:41
Хетафе vs Бетис,Ла Лига (Испания),2026-03-08,18:15,Тотал,Больше 1.5,0.728,1.36,0.7353,0.0392,0.0,📌 НИЗКАЯ,37.0,2026-03-08T10:07:19
Севилья vs Райо Вальекано,Ла Лига (Испания),2026-03-08,20:30,Исход,Победа хозяев (1),0.6007,1.91,0.5236,0.1112,40.46,✅ СРЕДНЯЯ,61.4,2026-03-08T10:09:51
Севилья vs Райо Вальекано,Ла Лига (Испания),2026-03-08,20:30,Тотал,Больше 2.5,0.6261,1.63,0.6135,0.0517,8.14,📌 НИЗКАЯ,32.6,2026-03-08T10:09:51
Валенсия vs Deportivo Alavés,Ла Лига (Испания),2026-03-08,23:00,Тотал,Больше 2.5,0.5901,1.94,0.5155,0.1074,38.51,✅ СРЕДНЯЯ,54.4,2026-03-08T10:12:23
Валенсия vs Deportivo Alavés,Ла Лига (Испания),2026-03-08,23:00,Тотал 1Т,Больше 0.5,0.7456,1.35,0.7407,0.0567,4.65,📌 НИЗКАЯ,43.7,2026-03-08T10:12:23
Валенсия vs Deportivo Alavés,Ла Лига (Испания),2026-03-08,23:00,Исход,Победа хозяев (1),0.5324,1.93,0.5181,0.0482,7.43,📌 НИЗКАЯ,24.1,2026-03-08T10:12:23
Лечче vs Кремонезе,Серия А (Италия),2026-03-08,14:30,Исход,Победа хозяев (1),0.5637,1.99,0.5025,0.0938,30.72,📌 НИЗКАЯ,40.2,2026-03-08T10:14:56
Лечче vs Кремонезе,Серия А (Италия),2026-03-08,14:30,Тотал,Больше 2.5,0.5953,1.68,0.5952,0.0397,0.03,📌 НИЗКАЯ,26.5,2026-03-08T10:14:56
Фиорентина vs Парма,Серия А (Италия),2026-03-08,17:00,Исход,Победа хозяев (1),0.6048,1.84,0.5435,0.0969,33.57,✅ СРЕДНЯЯ,52.5,2026-03-08T10:17:28
Фиорентина vs Парма,Серия А (Италия),2026-03-08,17:00,Тотал,Больше 2.5,0.63,1.58,0.6329,0.0383,0.0,📌 НИЗКАЯ,28.9,2026-03-08T10:17:28
Болонья vs Верона,Серия А (Италия),2026-03-08,17:00,Исход,Победа хозяев (1),0.5602,2.0,0.5,0.0923,30.1,📌 НИЗКАЯ,39.5,2026-03-08T10:19:59
Генуя vs Рома,Серия А (Италия),2026-03-08,20:00,Исход,Победа хозяев (1),0.5637,1.99,0.5025,0.0938,30.72,📌 НИЗКАЯ,40.2,2026-03-08T10:22:32
Генуя vs Рома,Серия А (Италия),2026-03-08,20:00,Тотал,Больше 2.5,0.5953,1.68,0.5952,0.0397,0.03,📌 НИЗКАЯ,26.5,2026-03-08T10:22:32
Милан vs Интер,Серия А (Италия),2026-03-08,22:45,Исход,Победа хозяев (1),0.5637,1.99,0.5025,0.0938,30.72,📌 НИЗКАЯ,40.2,2026-03-08T10:24:40
Милан vs Интер,Серия А (Италия),2026-03-08,22:45,Тотал,Больше 2.5,0.5953,1.68,0.5952,0.0397,0.03,📌 НИЗКАЯ,26.5,2026-03-08T10:24:40
Санкт-Паули vs Айнтрахт,Бундеслига (Германия),2026-03-08,17:30,Исход,Победа хозяев (1),0.5535,2.08,0.4808,0.1045,35.02,📌 НИЗКАЯ,42.6,2026-03-08T10:26:48
Унион Берлин vs Вердер,Бундеслига (Германия),2026-03-08,19:30,Исход,Победа хозяев (1),0.5579,1.99,0.5025,0.0881,27.83,📌 НИЗКАЯ,38.1,2026-03-08T10:28:56
Ланс vs Мец,Лига 1 (Франция),2026-03-08,17:00,Исход,Победа хозяев (1),0.5586,1.99,0.5025,0.0888,28.2,📌 НИЗКАЯ,38.3,2026-03-08T10:31:07
Ланс vs Мец,Лига 1 (Франция),2026-03-08,17:00,Тотал,Больше 2.5,0.5945,1.68,0.5952,0.0389,0.0,📌 НИЗКАЯ,26.2,2026-03-08T10:31:07
Ницца vs Ренн,Лига 1 (Франция),2026-03-08,19:15,Исход,Победа хозяев (1),0.5586,1.99,0.5025,0.0888,28.2,📌 НИЗКАЯ,38.3,2026-03-08T10:33:14
Ницца vs Ренн,Лига 1 (Франция),2026-03-08,19:15,Тотал,Больше 2.5,0.5945,1.68,0.5952,0.0389,0.0,📌 НИЗКАЯ,26.2,2026-03-08T10:33:14
Лилль vs Лорьян,Лига 1 (Франция),2026-03-08,19:15,Исход,Победа хозяев (1),0.5363,2.18,0.4587,0.1078,35.82,📌 НИЗКАЯ,42.2,2026-03-08T12:59:45
Лилль vs Лорьян,Лига 1 (Франция),2026-03-08,19:15,Тотал,Больше 2.5,0.5582,1.81,0.5525,0.0422,3.2,📌 НИЗКАЯ,24.3,2026-03-08T12:59:45
Брест vs Гавр,Лига 1 (Франция),2026-03-08,19:15,Исход,Победа хозяев (1),0.5586,1.99,0.5025,0.0888,28.2,📌 НИЗКАЯ,38.3,2026-03-08T13:01:53
Брест vs Гавр,Лига 1 (Франция),2026-03-08,19:15,Тотал,Больше 2.5,0.5945,1.68,0.5952,0.0389,0.0,📌 НИЗКАЯ,26.2,2026-03-08T13:01:53
Лион vs ПСЖ,Лига 1 (Франция),2026-03-08,22:45,Исход,Победа хозяев (1),0.5517,2.08,0.4808,0.1027,34.15,📌 НИЗКАЯ,41.9,2026-03-08T13:04:01
Лион vs ПСЖ,Лига 1 (Франция),2026-03-08,22:45,Тотал,Больше 2.5,0.5859,1.74,0.5747,0.0487,6.59,📌 НИЗКАЯ,28.5,2026-03-08T13:04:01
Спарта Роттердам vs PEC Zwolle,Эредивизи (Нидерланды),2026-03-08,14:15,Исход,Победа хозяев (1),0.5497,1.99,0.5025,0.0799,23.72,📌 НИЗКАЯ,34.9,2026-03-08T13:06:08
Спарта Роттердам vs PEC Zwolle,Эредивизи (Нидерланды),2026-03-08,14:15,Тотал,Меньше 3.5,0.6983,1.4,0.7143,0.0301,0.0,📌 НИЗКАЯ,31.9,2026-03-08T13:06:08
Fortuna Sittard vs Telstar 1963,Эредивизи (Нидерланды),2026-03-08,16:30,Исход,Победа хозяев (1),0.5689,2.14,0.4673,0.132,47.69,📌 НИЗКАЯ,47.5,2026-03-08T13:08:16
Go Ahead Eagles vs Твенте,Эредивизи (Нидерланды),2026-03-08,16:30,Тотал,Меньше 3.5,0.7154,1.47,0.6803,0.0802,27.5,✅ СРЕДНЯЯ,56.3,2026-03-08T13:10:24
Go Ahead Eagles vs Твенте,Эредивизи (Нидерланды),2026-03-08,16:30,Тотал 1Т,Меньше 1.5,0.6365,1.56,0.641,0.0404,0.0,📌 НИЗКАЯ,30.0,2026-03-08T13:10:24
NAC Breda vs Фейеноорд,Эредивизи (Нидерланды),2026-03-08,18:45,Тотал,Меньше 3.5,0.5875,1.91,0.5236,0.0982,33.54,✅ СРЕДНЯЯ,51.5,2026-03-08T13:12:32
NAC Breda vs Фейеноорд,Эредивизи (Нидерланды),2026-03-08,18:45,Тотал 1Т,Меньше 1.5,0.5422,1.87,0.5348,0.0449,4.02,📌 НИЗКАЯ,23.8,2026-03-08T13:12:32
НЕК vs Volendam,Эредивизи (Нидерланды),2026-03-08,22:00,DNB,Хозяева (DNB),0.7079,1.88,0.5319,0.2133,0.0,📊 ИНФО,0.0,2026-03-08T13:14:40
CF Estrela da Amadora vs Жил Висенте,Примейра-лига (Португалия),2026-03-08,18:30,Исход,Победа хозяев (1),0.631,1.73,0.578,0.0909,31.4,✅ СРЕДНЯЯ,52.8,2026-03-08T13:16:47
CF Estrela da Amadora vs Жил Висенте,Примейра-лига (Португалия),2026-03-08,18:30,Тотал 1Т,Больше 0.5,0.7229,1.35,0.7407,0.034,0.0,📌 НИЗКАЯ,35.0,2026-03-08T13:16:47
CF Estrela da Amadora vs Жил Висенте,Примейра-лига (Португалия),2026-03-08,18:30,Тотал,Больше 2.5,0.541,1.93,0.5181,0.057,11.87,📌 НИЗКАЯ,27.4,2026-03-08T13:16:47
Бенфика vs Порто,Примейра-лига (Португалия),2026-03-08,21:00,Исход,Победа хозяев (1),0.6948,1.51,0.6623,0.0749,24.07,✅ СРЕДНЯЯ,58.1,2026-03-08T13:18:55
Бенфика vs Порто,Примейра-лига (Португалия),2026-03-08,21:00,Тотал 1Т,Больше 1.5,0.512,1.94,0.5155,0.0326,0.0,📌 НИЗКАЯ,17.7,2026-03-08T13:18:55
Санта Клара vs Vitória,Примейра-лига (Португалия),2026-03-08,23:30,Исход,Победа хозяев (1),0.5685,1.99,0.5025,0.0987,33.17,📌 НИЗКАЯ,42.1,2026-03-08T13:21:04
Санта Клара vs Vitória,Примейра-лига (Португалия),2026-03-08,23:30,Тотал,Больше 2.5,0.5907,1.68,0.5952,0.0351,0.0,📌 НИЗКАЯ,24.8,2026-03-08T13:21:04
КПР vs Мидлсбро,Чемпионшип (Англия Д2),2026-03-08,19:30,Исход,Победа хозяев (1),0.6513,1.78,0.5618,0.1256,50.0,✅ СРЕДНЯЯ,62.1,2026-03-08T13:23:12
КПР vs Мидлсбро,Чемпионшип (Англия Д2),2026-03-08,19:30,Тотал,Больше 2.5,0.5586,1.78,0.5618,0.0345,0.0,📌 НИЗКАЯ,22.0,2026-03-08T13:23:12
Вильярреал vs Elche CF,Ла Лига (Испания),2026-03-08,16:00,Исход,Победа хозяев (1),0.5687,1.94,0.5155,0.0871,13.73,📌 НИЗКАЯ,38.6,2026-03-08T17:14:05
Вильярреал vs Elche CF,Ла Лига (Испания),2026-03-08,16:00,Тотал,Больше 2.5,0.6074,1.65,0.6061,0.0404,0.42,📌 НИЗКАЯ,27.7,2026-03-08T17:14:05
Хетафе vs Бетис,Ла Лига (Испания),2026-03-08,18:15,Тотал,Больше 1.5,0.7189,1.36,0.7353,0.0301,0.0,📌 НИЗКАЯ,33.5,2026-03-08T17:16:37
Севилья vs Райо Вальекано,Ла Лига (Испания),2026-03-08,20:30,Исход,Победа хозяев (1),0.5746,1.91,0.5236,0.0851,13.38,📌 НИЗКАЯ,43.5,2026-03-08T17:19:08
Севилья vs Райо Вальекано,Ла Лига (Испания),2026-03-08,20:30,Тотал,Больше 2.5,0.6142,1.63,0.6135,0.0397,0.21,📌 НИЗКАЯ,28.0,2026-03-08T17:19:08
Валенсия vs Deportivo Alavés,Ла Лига (Испания),2026-03-08,23:00,Тотал 1Т,Больше 0.5,0.7325,1.35,0.7407,0.0436,0.0,📌 НИЗКАЯ,38.7,2026-03-08T17:21:16
Валенсия vs Deportivo Alavés,Ла Лига (Испания),2026-03-08,23:00,Тотал,Больше 2.5,0.5653,1.94,0.5155,0.0826,12.86,📌 НИЗКАЯ,37.0,2026-03-08T17:21:16
Валенсия vs Deportivo Alavés,Ла Лига (Испания),2026-03-08,23:00,Исход,Победа хозяев (1),0.521,1.93,0.5181,0.0368,0.75,📌 НИЗКАЯ,19.7,2026-03-08T17:21:16
Лечче vs Кремонезе,Серия А (Италия),2026-03-08,14:30,Исход,Победа хозяев (1),0.5414,1.99,0.5025,0.0716,9.78,📌 НИЗКАЯ,31.8,2026-03-08T17:23:24
Лечче vs Кремонезе,Серия А (Италия),2026-03-08,14:30,Тотал,Больше 2.5,0.5858,1.68,0.5952,0.0303,0.0,📌 НИЗКАЯ,23.0,2026-03-08T17:23:24
Фиорентина vs Парма,Серия А (Италия),2026-03-08,17:00,Исход,Победа хозяев (1),0.5807,1.84,0.5435,0.0728,10.2,✅ СРЕДНЯЯ,43.3,2026-03-08T17:25:32
Болонья vs Верона,Серия А (Италия),2026-03-08,17:00,Исход,Победа хозяев (1),0.5384,2.0,0.5,0.0705,9.59,📌 НИЗКАЯ,31.2,2026-03-08T17:27:39
Генуя vs Рома,Серия А (Италия),2026-03-08,20:00,Исход,Победа хозяев (1),0.5414,1.99,0.5025,0.0716,9.78,📌 НИЗКАЯ,31.8,2026-03-08T17:29:47
Генуя vs Рома,Серия А (Италия),2026-03-08,20:00,Тотал,Больше 2.5,0.5858,1.68,0.5952,0.0303,0.0,📌 НИЗКАЯ,23.0,2026-03-08T17:29:47
Милан vs Интер,Серия А (Италия),2026-03-08,22:45,Исход,Победа хозяев (1),0.5414,1.99,0.5025,0.0716,9.78,📌 НИЗКАЯ,31.8,2026-03-08T17:31:55
Милан vs Интер,Серия А (Италия),2026-03-08,22:45,Тотал,Больше 2.5,0.5858,1.68,0.5952,0.0303,0.0,📌 НИЗКАЯ,23.0,2026-03-08T17:31:55
Санкт-Паули vs Айнтрахт,Бундеслига (Германия),2026-03-08,17:30,Исход,Победа хозяев (1),0.5308,2.08,0.4808,0.0817,12.04,📌 НИЗКАЯ,34.0,2026-03-08T17:34:04
Унион Берлин vs Вердер,Бундеслига (Германия),2026-03-08,19:30,Исход,Победа хозяев (1),0.5383,1.99,0.5025,0.0684,8.99,📌 НИЗКАЯ,30.6,2026-03-08T17:36:12
Ланс vs Мец,Лига 1 (Франция),2026-03-08,17:00,Исход,Победа хозяев (1),0.5382,1.99,0.5025,0.0684,8.98,📌 НИЗКАЯ,30.6,2026-03-08T17:38:20
Лилль vs Лорьян,Лига 1 (Франция),2026-03-08,19:15,Исход,Победа хозяев (1),0.5126,2.18,0.4587,0.0842,12.46,📌 НИЗКАЯ,33.3,2026-03-08T17:40:27
Лилль vs Лорьян,Лига 1 (Франция),2026-03-08,19:15,Тотал,Больше 2.5,0.5485,1.81,0.5525,0.0324,0.0,📌 НИЗКАЯ,20.6,2026-03-08T17:40:27
Брест vs Гавр,Лига 1 (Франция),2026-03-08,19:15,Исход,Победа хозяев (1),0.5382,1.99,0.5025,0.0684,8.98,📌 НИЗКАЯ,30.6,2026-03-08T17:42:35
Ницца vs Ренн,Лига 1 (Франция),2026-03-08,19:15,Исход,Победа хозяев (1),0.5382,1.99,0.5025,0.0684,8.98,📌 НИЗКАЯ,30.6,2026-03-08T17:44:43
Лион vs ПСЖ,Лига 1 (Франция),2026-03-08,22:45,Исход,Победа хозяев (1),0.5287,2.08,0.4808,0.0796,11.53,📌 НИЗКАЯ,33.2,2026-03-08T17:46:50
Лион vs ПСЖ,Лига 1 (Франция),2026-03-08,22:45,Тотал,Больше 2.5,0.5747,1.74,0.5747,0.0374,0.0,📌 НИЗКАЯ,24.2,2026-03-08T17:46:50
Спарта Роттердам vs PEC Zwolle,Эредивизи (Нидерланды),2026-03-08,14:15,Исход,Победа хозяев (1),0.5319,1.99,0.5025,0.0621,7.39,📌 НИЗКАЯ,28.2,2026-03-08T17:48:58
Go Ahead Eagles vs Твенте,Эредивизи (Нидерланды),2026-03-08,16:30,Тотал,Меньше 3.5,0.6916,1.5,0.6667,0.0685,9.36,📌 НИЗКАЯ,42.9,2026-03-08T17:51:07
Go Ahead Eagles vs Твенте,Эредивизи (Нидерланды),2026-03-08,16:30,Тотал 1Т,Меньше 1.5,0.6238,1.58,0.6329,0.0352,0.0,📌 НИЗКАЯ,27.5,2026-03-08T17:51:07
Fortuna Sittard vs Telstar 1963,Эредивизи (Нидерланды),2026-03-08,16:30,Исход,Победа хозяев (1),0.5403,2.14,0.4673,0.1035,17.14,📌 НИЗКАЯ,41.3,2026-03-08T17:53:14
NAC Breda vs Фейеноорд,Эредивизи (Нидерланды),2026-03-08,18:45,Тотал,Меньше 3.5,0.5655,1.91,0.5236,0.0762,11.0,📌 НИЗКАЯ,35.1,2026-03-08T17:55:22
NAC Breda vs Фейеноорд,Эредивизи (Нидерланды),2026-03-08,18:45,Тотал 1Т,Меньше 1.5,0.5322,1.87,0.5348,0.0349,0.0,📌 НИЗКАЯ,20.0,2026-03-08T17:55:22
НЕК vs Volendam,Эредивизи (Нидерланды),2026-03-08,22:00,DNB,Хозяева (DNB),0.7079,1.88,0.5319,0.2133,0.0,📊 ИНФО,0.0,2026-03-08T17:57:30
CF Estrela da Amadora vs Жил Висенте,Примейра-лига (Португалия),2026-03-08,18:30,Исход,Победа хозяев (1),0.6082,1.73,0.578,0.068,8.94,📌 НИЗКАЯ,36.1,2026-03-08T17:59:38
CF Estrela da Amadora vs Жил Висенте,Примейра-лига (Португалия),2026-03-08,18:30,Тотал,Больше 2.5,0.5278,1.93,0.5181,0.0439,2.52,📌 НИЗКАЯ,22.4,2026-03-08T17:59:38
Бенфика vs Порто,Примейра-лига (Португалия),2026-03-08,21:00,Исход,Победа хозяев (1),0.6734,1.51,0.6623,0.0536,4.14,📌 НИЗКАЯ,42.0,2026-03-08T18:01:45
Санта Клара vs Vitória,Примейра-лига (Португалия),2026-03-08,23:30,Исход,Победа хозяев (1),0.5459,1.99,0.5025,0.076,10.89,📌 НИЗКАЯ,33.5,2026-03-08T18:03:53
КПР vs Мидлсбро,Чемпионшип (Англия Д2),2026-03-08,19:30,Исход,Победа хозяев (1),0.6249,1.78,0.5618,0.0993,18.0,✅ СРЕДНЯЯ,54.8,2026-03-08T18:06:01
Барселона vs Реал Овьедо,Ла Лига (Испания),2026-03-09,23:00,DNB,Хозяева (DNB),0.6476,2.08,0.4808,0.2004,0.0,📊 ИНФО,0.0,2026-03-09T12:50:28
Лацио vs Сассуоло,Серия А (Италия),2026-03-09,22:45,Исход,Победа хозяев (1),0.5414,1.99,0.5025,0.0716,9.78,📌 НИЗКАЯ,31.8,2026-03-09T12:53:06
Лацио vs Сассуоло,Серия А (Италия),2026-03-09,22:45,Тотал,Больше 2.5,0.5858,1.68,0.5952,0.0303,0.0,📌 НИЗКАЯ,23.0,2026-03-09T12:53:06
CD Tondela vs Рио Аве,Примейра-лига (Португалия),2026-03-09,23:15,Исход,Победа хозяев (1),0.5793,1.92,0.5208,0.0925,15.26,📌 НИЗКАЯ,41.1,2026-03-09T12:57:21
Барселона vs Реал Овьедо,Ла Лига (Испания),2026-03-09,23:00,DNB,Хозяева (DNB),0.6476,2.08,0.4808,0.2004,0.0,📊 ИНФО,0.0,2026-03-09T15:18:37
Лацио vs Сассуоло,Серия А,2026-03-09,22:45,Исход,Победа хозяев (1),0.525,1.99,0.5025,0.0552,5.66,📌 НИЗКАЯ,25.6,2026-03-09T15:21:58
CD Tondela vs Рио Аве,Примейра-лига (Португалия),2026-03-09,23:15,DNB,Хозяева (DNB),0.8509,1.47,0.6803,0.2182,0.0,📊 ИНФО,0.0,2026-03-09T15:24:07
Барселона vs Реал Овьедо,Ла Лига (Испания),2026-03-09,23:00,DNB,Хозяева (DNB),0.6476,2.08,0.4808,0.2004,0.0,📊 ИНФО,0.0,2026-03-09T15:57:03
Лацио vs Сассуоло,Серия А,2026-03-09,22:45,Исход,Победа хозяев (1),0.525,1.99,0.5025,0.0552,5.66,📌 НИЗКАЯ,25.6,2026-03-09T15:59:11
CD Tondela vs Рио Аве,Примейра-лига (Португалия),2026-03-09,23:15,DNB,Хозяева (DNB),0.8509,1.47,0.6803,0.2182,0.0,📊 ИНФО,0.0,2026-03-09T16:01:20
Галатасарай vs Ливерпуль,Лига Чемпионов,2026-03-10,20:45,Исход,Победа хозяев (1),0.5757,1.86,0.5376,0.0733,10.29,📌 НИЗКАЯ,35.0,2026-03-10T13:24:10
Ньюкасл vs Барселона,Лига Чемпионов,2026-03-10,23:00,DNB,Хозяева (DNB),0.7396,1.7,0.5882,0.1925,0.0,📊 ИНФО,0.0,2026-03-10T13:27:32
Club Atlético de Madrid vs Тоттенхэм,Лига Чемпионов,2026-03-10,23:00,Тотал,Больше 2.5,0.6101,1.77,0.565,0.0834,12.97,✅ СРЕДНЯЯ,48.8,2026-03-10T13:30:51
Club Atlético de Madrid vs Тоттенхэм,Лига Чемпионов,2026-03-10,23:00,Исход,Победа хозяев (1),0.5773,2.05,0.4878,0.121,21.84,📌 НИЗКАЯ,48.2,2026-03-10T13:30:51
Club Atlético de Madrid vs Тоттенхэм,Лига Чемпионов,2026-03-10,23:00,Тотал 1Т,Больше 0.5,0.7638,1.31,0.7634,0.0539,0.23,📌 НИЗКАЯ,43.2,2026-03-10T13:30:51
Аталанта vs Bayern München,Лига Чемпионов,2026-03-10,23:00,DNB,Хозяева (DNB),0.7138,1.69,0.5917,0.1636,0.0,📊 ИНФО,0.0,2026-03-10T13:33:30
Портсмут vs Суонси,Чемпионшип (Англия Д2),2026-03-10,22:45,DNB,Хозяева (DNB),0.7621,1.55,0.6452,0.1621,0.0,📊 ИНФО,0.0,2026-03-10T13:35:37
Лестер vs Бристоль,Чемпионшип (Англия Д2),2026-03-10,22:45,Тотал,Больше 2.5,0.5992,1.89,0.5291,0.1045,0.0,📊 ИНФО,0.0,2026-03-10T13:37:45
Шеффилд Уэнсдей vs Уотфорд,Чемпионшип (Англия Д2),2026-03-10,22:45,DNB,Хозяева (DNB),0.7621,1.55,0.6452,0.1621,0.0,📊 ИНФО,0.0,2026-03-10T13:39:53
Wrexham vs Халл,Чемпионшип (Англия Д2),2026-03-10,22:45,DNB,Хозяева (DNB),0.7996,1.34,0.7463,0.1056,0.0,📊 ИНФО,0.0,2026-03-10T13:42:00
Миллуолл vs Дерби,Чемпионшип (Англия Д2),2026-03-10,22:45,DNB,Хозяева (DNB),0.7621,1.55,0.6452,0.1621,0.0,📊 ИНФО,0.0,2026-03-10T13:44:08
Сток vs Ипсвич,Чемпионшип (Англия Д2),2026-03-10,23:00,Исход,Победа хозяев,0.7205,1.62,0.6173,0.1429,0.0,📊 ИНФО,0.0,2026-03-10T13:46:16
Галатасарай vs Ливерпуль,Лига Чемпионов,2026-03-10,20:45,Двойной шанс,1X,0.8078,1.27,0.7874,0.0755,7.19,✅ СРЕДНЯЯ,57.6,2026-03-10T20:21:55
Галатасарай vs Ливерпуль,Лига Чемпионов,2026-03-10,20:45,Исход,Победа хозяев (1),0.5897,1.86,0.5376,0.0873,8.45,✅ СРЕДНЯЯ,48.4,2026-03-10T20:21:55
Ньюкасл vs Барселона,Лига Чемпионов,2026-03-10,23:00,Двойной шанс,1X,0.7371,1.4,0.7143,0.0729,6.0,✅ СРЕДНЯЯ,52.8,2026-03-10T20:26:06
Ньюкасл vs Барселона,Лига Чемпионов,2026-03-10,23:00,DNB,Хозяева (DNB),0.642,1.7,0.5882,0.095,9.79,✅ СРЕДНЯЯ,51.9,2026-03-10T20:26:06
Аталанта vs Bayern München,Лига Чемпионов,2026-03-10,23:00,DNB,Хозяева (DNB),0.6313,1.69,0.5917,0.081,7.26,✅ СРЕДНЯЯ,46.8,2026-03-10T20:30:15
Аталанта vs Bayern München,Лига Чемпионов,2026-03-10,23:00,Двойной шанс,1X,0.7171,1.42,0.7042,0.0621,3.25,📌 НИЗКАЯ,40.0,2026-03-10T20:30:15
Club Atlético de Madrid vs Тоттенхэм,Лига Чемпионов,2026-03-10,23:00,Двойной шанс,1X,0.802,1.32,0.7576,0.0975,13.75,✅ СРЕДНЯЯ,61.2,2026-03-10T20:34:24
Club Atlético de Madrid vs Тоттенхэм,Лига Чемпионов,2026-03-10,23:00,Исход,Победа хозяев (1),0.5976,2.05,0.4878,0.1413,16.08,✅ СРЕДНЯЯ,54.8,2026-03-10T20:34:24
Club Atlético de Madrid vs Тоттенхэм,Лига Чемпионов,2026-03-10,23:00,Тотал,Больше 2.5,0.6197,1.77,0.565,0.0929,9.43,✅ СРЕДНЯЯ,49.4,2026-03-10T20:34:24
Club Atlético de Madrid vs Тоттенхэм,Лига Чемпионов,2026-03-10,23:00,Тотал,Больше 1.5,0.8284,1.22,0.8197,0.0621,3.61,📌 НИЗКАЯ,42.6,2026-03-10T20:34:24
Club Atlético de Madrid vs Тоттенхэм,Лига Чемпионов,2026-03-10,23:00,Тотал 1Т,Больше 0.5,0.7584,1.31,0.7634,0.0485,0.0,📌 НИЗКАЯ,38.5,2026-03-10T20:34:24
Club Atlético de Madrid vs Тоттенхэм,Лига Чемпионов,2026-03-10,23:00,Двойной шанс,12,0.7927,1.24,0.8065,0.0427,0.0,📌 НИЗКАЯ,36.8,2026-03-10T20:34:24
Портсмут vs Суонси,Чемпионшип (Англия Д2),2026-03-10,22:45,DNB,Хозяева (DNB),0.676,1.55,0.6452,0.076,6.52,✅ СРЕДНЯЯ,51.9,2026-03-10T20:38:23
Лестер vs Бристоль,Чемпионшип (Англия Д2),2026-03-10,22:45,Тотал,Больше 2.5,0.5926,1.89,0.5291,0.098,0.0,📊 ИНФО,0.0,2026-03-10T20:41:21
Шеффилд Уэнсдей vs Уотфорд,Чемпионшип (Англия Д2),2026-03-10,22:45,DNB,Хозяева (DNB),0.676,1.55,0.6452,0.076,6.52,✅ СРЕДНЯЯ,51.9,2026-03-10T20:44:18
Wrexham vs Халл,Чемпионшип (Англия Д2),2026-03-10,22:45,DNB,Хозяева (DNB),0.7821,1.34,0.7463,0.0881,0.0,📊 ИНФО,0.0,2026-03-10T20:47:15
Миллуолл vs Дерби,Чемпионшип (Англия Д2),2026-03-10,22:45,DNB,Хозяева (DNB),0.676,1.55,0.6452,0.076,6.52,✅ СРЕДНЯЯ,51.9,2026-03-10T20:50:12
Сток vs Ипсвич,Чемпионшип (Англия Д2),2026-03-10,23:00,Исход,Победа хозяев,0.6936,1.62,0.6173,0.1159,0.0,📊 ИНФО,0.0,2026-03-10T20:53:09
Байер vs Арсенал,Лига Чемпионов,2026-03-11,20:45,Двойной шанс,1X,0.7683,1.36,0.7353,0.0845,23.39,✅ СРЕДНЯЯ,60.4,2026-03-11T09:52:53
Байер vs Арсенал,Лига Чемпионов,2026-03-11,20:45,Исход,Победа хозяев (1),0.5268,2.14,0.4673,0.0903,20.95,📌 НИЗКАЯ,36.2,2026-03-11T09:52:53
ПСЖ vs Челси,Лига Чемпионов,2026-03-11,23:00,Двойной шанс,1X,0.7393,1.4,0.7143,0.075,16.4,✅ СРЕДНЯЯ,56.6,2026-03-11T09:57:03
ПСЖ vs Челси,Лига Чемпионов,2026-03-11,23:00,DNB,Хозяева (DNB),0.6553,1.66,0.6024,0.0951,24.94,✅ СРЕДНЯЯ,56.0,2026-03-11T09:57:03
Sava Strmec vs Спортинг,Лига Чемпионов,2026-03-11,23:00,Двойной шанс,1X,0.6378,1.85,0.5405,0.1351,39.69,✅ СРЕДНЯЯ,61.0,2026-03-11T10:00:16
Sava Strmec vs Спортинг,Лига Чемпионов,2026-03-11,23:00,Тотал,Больше 1.5,0.6102,1.61,0.6211,0.0306,0.0,📌 НИЗКАЯ,25.0,2026-03-11T10:00:16
Реал Мадрид vs Ман Сити,Лига Чемпионов,2026-03-11,23:00,DNB,Хозяева (DNB),0.8418,1.19,0.8403,0.0603,1.77,📌 НИЗКАЯ,45.1,2026-03-11T10:03:25
Реал Мадрид vs Ман Сити,Лига Чемпионов,2026-03-11,23:00,Двойной шанс,1X,0.8664,1.14,0.8772,0.0507,0.0,📌 НИЗКАЯ,42.2,2026-03-11T10:03:25
Mirassol vs Santos,Жюпиле Про Лига (Бельгия),2026-03-11,03:30,Двойной шанс,1X,0.7728,1.31,0.7634,0.0629,7.46,📌 НИЗКАЯ,45.9,2026-03-11T10:06:24
Mirassol vs Santos,Жюпиле Про Лига (Бельгия),2026-03-11,03:30,Исход,Победа хозяев (1),0.5564,1.92,0.5208,0.0695,13.9,📌 НИЗКАЯ,32.4,2026-03-11T10:06:24
CA Mineiro vs Насьонал,Жюпиле Про Лига (Бельгия),2026-03-12,01:00,Двойной шанс,1X,0.7728,1.31,0.7634,0.0629,7.46,📌 НИЗКАЯ,45.9,2026-03-11T10:09:21
CA Mineiro vs Насьонал,Жюпиле Про Лига (Бельгия),2026-03-12,01:00,Исход,Победа хозяев (1),0.5564,1.92,0.5208,0.0695,13.9,📌 НИЗКАЯ,32.4,2026-03-11T10:09:21
EC Bahia vs EC Vitória,Жюпиле Про Лига (Бельгия),2026-03-12,02:00,Двойной шанс,1X,0.7753,1.3,0.7692,0.06,4.97,📌 НИЗКАЯ,45.0,2026-03-11T10:12:19
EC Bahia vs EC Vitória,Жюпиле Про Лига (Бельгия),2026-03-12,02:00,Исход,Победа хозяев (1),0.5603,1.88,0.5319,0.0624,11.37,📌 НИЗКАЯ,30.5,2026-03-11T10:12:19
Мидлсбро vs Charlton Athletic,Чемпионшип (Англия Д2),2026-03-11,22:45,Тотал,Больше 2.5,0.6106,1.72,0.5814,0.0669,13.09,📌 НИЗКАЯ,35.9,2026-03-11T10:15:16
Вест Бромвич vs Саутгемптон,Чемпионшип (Англия Д2),2026-03-11,22:45,Тотал,Больше 2.5,0.4636,2.78,0.3597,0.1271,0.0,📊 ИНФО,0.0,2026-03-11T10:18:12
Норвич vs Шеффилд Юнайтед,Чемпионшип (Англия Д2),2026-03-11,22:45,Исход,Победа хозяев (1),0.5121,2.13,0.4695,0.0738,15.05,📌 НИЗКАЯ,30.1,2026-03-11T10:21:09
Оксфорд vs Блэкберн,Чемпионшип (Англия Д2),2026-03-11,22:45,DNB,Хозяева (DNB),0.676,1.55,0.6452,0.076,16.3,✅ СРЕДНЯЯ,51.9,2026-03-11T10:24:09
Бирмингем vs КПР,Чемпионшип (Англия Д2),2026-03-11,22:45,Тотал,Меньше 3.5,0.6185,1.86,0.5376,0.1158,0.0,📊 ИНФО,0.0,2026-03-11T10:27:06
Ковентри vs Престон,Чемпионшип (Англия Д2),2026-03-11,23:00,DNB,Хозяева (DNB),0.676,1.55,0.6452,0.076,16.3,✅ СРЕДНЯЯ,51.9,2026-03-11T10:30:02
Denmark W vs Persik Kediri,Жюпиле Про Лига (Бельгия),2026-03-12,03:30,Двойной шанс,1X,0.7507,1.32,0.7576,0.0461,0.0,📌 НИЗКАЯ,40.8,2026-03-12T14:36:58
Denmark W vs Persik Kediri,Жюпиле Про Лига (Бельгия),2026-03-12,03:30,DNB,Хозяева (DNB),0.58,1.79,0.5587,0.0605,9.09,📌 НИЗКАЯ,31.5,2026-03-12T14:36:58
CR Flamengo vs Cruzeiro EC,Жюпиле Про Лига (Бельгия),2026-03-12,03:30,Двойной шанс,1X,0.7728,1.31,0.7634,0.0629,7.46,📌 НИЗКАЯ,45.9,2026-03-12T14:39:56
CR Flamengo vs Cruzeiro EC,Жюпиле Про Лига (Бельгия),2026-03-12,03:30,Исход,Победа хозяев (1),0.5564,1.92,0.5208,0.0695,13.9,📌 НИЗКАЯ,32.4,2026-03-12T14:39:56
Clube do Remo vs Fluminense,Жюпиле Про Лига (Бельгия),2026-03-13,01:00,Двойной шанс,1X,0.7651,1.34,0.7463,0.0711,13.91,✅ СРЕДНЯЯ,56.3,2026-03-12T14:42:53
Clube do Remo vs Fluminense,Жюпиле Про Лига (Бельгия),2026-03-13,01:00,Исход,Победа хозяев (1),0.5486,2.01,0.4975,0.0832,19.05,📌 НИЗКАЯ,35.8,2026-03-12T14:42:53
CR Vasco da Gama vs SE Palmeiras,Жюпиле Про Лига (Бельгия),2026-03-13,01:30,Двойной шанс,1X,0.7728,1.31,0.7634,0.0629,7.46,📌 НИЗКАЯ,45.9,2026-03-12T14:45:50
CR Vasco da Gama vs SE Palmeiras,Жюпиле Про Лига (Бельгия),2026-03-13,01:30,Исход,Победа хозяев (1),0.5564,1.92,0.5208,0.0695,13.9,📌 НИЗКАЯ,32.4,2026-03-12T14:45:50
São Paulo vs Chapecoense AF,Жюпиле Про Лига (Бельгия),2026-03-13,02:00,Двойной шанс,1X,0.7728,1.31,0.7634,0.0629,7.46,📌 НИЗКАЯ,45.9,2026-03-12T14:48:47
São Paulo vs Chapecoense AF,Жюпиле Про Лига (Бельгия),2026-03-13,02:00,Исход,Победа хозяев (1),0.5564,1.92,0.5208,0.0695,13.9,📌 НИЗКАЯ,32.4,2026-03-12T14:48:47
Сандерленд vs Брайтон,Премьер-лига (Англия),2026-03-14,18:00,Двойной шанс,1X,0.766,1.34,0.7463,0.0719,14.55,✅ СРЕДНЯЯ,56.6,2026-03-12T18:50:54
Сандерленд vs Брайтон,Премьер-лига (Англия),2026-03-14,18:00,Исход,Победа хозяев (1),0.5345,2.08,0.4808,0.0855,19.41,📌 НИЗКАЯ,35.4,2026-03-12T18:50:54
Бёрнли vs Борнмут,Премьер-лига (Англия),2026-03-14,18:00,DNB,Хозяева (DNB),0.7525,1.32,0.7576,0.0479,0.0,📌 НИЗКАЯ,41.4,2026-03-12T18:53:52
Бёрнли vs Борнмут,Премьер-лига (Англия),2026-03-14,18:00,Двойной шанс,1X,0.8011,1.22,0.8197,0.0389,0.0,📌 НИЗКАЯ,38.7,2026-03-12T18:53:52
Челси vs Ньюкасл,Премьер-лига (Англия),2026-03-14,20:30,Двойной шанс,1X,0.7739,1.31,0.7634,0.064,8.36,📌 НИЗКАЯ,46.2,2026-03-12T18:56:50
Челси vs Ньюкасл,Премьер-лига (Англия),2026-03-14,20:30,Исход,Победа хозяев (1),0.5424,1.99,0.5025,0.0726,15.05,📌 НИЗКАЯ,32.2,2026-03-12T18:56:50
Арсенал vs Эвертон,Премьер-лига (Англия),2026-03-14,20:30,Двойной шанс,1X,0.6555,1.53,0.6536,0.0477,1.04,📌 НИЗКАЯ,33.8,2026-03-12T18:59:47
Арсенал vs Эвертон,Премьер-лига (Англия),2026-03-14,20:30,DNB,Хозяева (DNB),0.5448,1.91,0.5236,0.0579,8.35,📌 НИЗКАЯ,28.0,2026-03-12T18:59:47
Вест Хэм vs Ман Сити,Премьер-лига (Англия),2026-03-14,23:00,Тотал,Меньше 3.5,0.6882,1.47,0.6803,0.0521,4.65,📌 НИЗКАЯ,37.7,2026-03-12T19:02:44
Deportivo Alavés vs Вильярреал,Ла Лига (Испания),2026-03-13,23:00,Двойной шанс,1X,0.8089,1.24,0.8065,0.0589,2.37,📌 НИЗКАЯ,44.7,2026-03-12T19:05:41
Deportivo Alavés vs Вильярреал,Ла Лига (Испания),2026-03-13,23:00,Тотал,Больше 1.5,0.7778,1.26,0.7937,0.0345,0.0,📌 НИЗКАЯ,37.4,2026-03-12T19:05:41
Deportivo Alavés vs Вильярреал,Ла Лига (Испания),2026-03-13,23:00,Исход,Победа хозяев (1),0.5678,1.86,0.5376,0.0651,12.24,📌 НИЗКАЯ,32.0,2026-03-12T19:05:41
Deportivo Alavés vs Вильярреал,Ла Лига (Испания),2026-03-13,23:00,Тотал,Больше 2.5,0.5366,1.88,0.5319,0.0393,1.88,📌 НИЗКАЯ,21.7,2026-03-12T19:05:41
Жирона vs Атлетик Бильбао,Ла Лига (Испания),2026-03-14,16:00,Двойной шанс,1X,0.7694,1.28,0.7812,0.0428,0.0,📌 НИЗКАЯ,39.8,2026-03-12T19:08:38
Жирона vs Атлетик Бильбао,Ла Лига (Испания),2026-03-14,16:00,Тотал,Больше 1.5,0.8212,1.2,0.8333,0.0422,0.0,📌 НИЗКАЯ,39.7,2026-03-12T19:08:38
Жирона vs Атлетик Бильбао,Ла Лига (Испания),2026-03-14,16:00,Тотал,Больше 2.5,0.604,1.71,0.5848,0.0588,8.68,📌 НИЗКАЯ,33.0,2026-03-12T19:08:38
Жирона vs Атлетик Бильбао,Ла Лига (Испания),2026-03-14,16:00,Исход,Победа хозяев (1),0.5414,1.91,0.5236,0.0511,7.01,📌 НИЗКАЯ,25.6,2026-03-12T19:08:38
Club Atlético de Madrid vs Хетафе,Ла Лига (Испания),2026-03-14,18:15,Тотал,Больше 2.5,0.6955,1.56,0.641,0.0955,28.44,✅ СРЕДНЯЯ,59.3,2026-03-12T19:11:35
Club Atlético de Madrid vs Хетафе,Ла Лига (Испания),2026-03-14,18:15,Тотал,Больше 1.5,0.8714,1.15,0.8696,0.0566,2.64,📌 НИЗКАЯ,44.0,2026-03-12T19:11:35
Club Atlético de Madrid vs Хетафе,Ла Лига (Испания),2026-03-14,18:15,Тотал 1Т,Больше 0.5,0.797,1.24,0.8065,0.047,0.0,📌 НИЗКАЯ,41.1,2026-03-12T19:11:35
Реал Овьедо vs Валенсия,Ла Лига (Испания),2026-03-14,20:30,Двойной шанс,1X,0.8274,1.2,0.8333,0.0524,0.0,📌 НИЗКАЯ,42.7,2026-03-12T19:14:33
Реал Овьедо vs Валенсия,Ла Лига (Испания),2026-03-14,20:30,Исход,Победа хозяев (1),0.6311,1.65,0.6061,0.0627,11.92,📌 НИЗКАЯ,36.3,2026-03-12T19:14:33
Реал Овьедо vs Валенсия,Ла Лига (Испания),2026-03-14,20:30,Тотал,Больше 2.5,0.6929,1.44,0.6944,0.0441,0.0,📌 НИЗКАЯ,35.7,2026-03-12T19:14:33
Реал Мадрид vs Elche CF,Ла Лига (Испания),2026-03-14,23:00,Исход,Победа хозяев (1),0.7181,1.41,0.7092,0.0515,5.74,📌 НИЗКАЯ,44.9,2026-03-12T19:17:30
Реал Мадрид vs Elche CF,Ла Лига (Испания),2026-03-14,23:00,Двойной шанс,1X,0.8824,1.12,0.8929,0.052,0.0,📌 НИЗКАЯ,42.6,2026-03-12T19:17:30
Торино vs Парма,Серия А (Италия),2026-03-13,22:45,Двойной шанс,1X,0.7798,1.32,0.7576,0.0753,17.22,✅ СРЕДНЯЯ,57.6,2026-03-12T19:20:27
Торино vs Парма,Серия А (Италия),2026-03-13,22:45,Исход,Победа хозяев (1),0.5471,2.0,0.5,0.0793,17.67,📌 НИЗКАЯ,34.6,2026-03-12T19:20:27
Интер vs Аталанта,Серия А (Италия),2026-03-14,17:00,Тотал,Больше 2.5,0.6146,1.78,0.5618,0.0893,22.59,✅ СРЕДНЯЯ,48.0,2026-03-12T19:23:24
Интер vs Аталанта,Серия А (Италия),2026-03-14,17:00,Исход,Победа хозяев (1),0.6193,1.76,0.5682,0.0874,22.18,✅ СРЕДНЯЯ,47.8,2026-03-12T19:23:24
Интер vs Аталанта,Серия А (Италия),2026-03-14,17:00,Двойной шанс,1X,0.8326,1.21,0.8264,0.064,6.63,📌 НИЗКАЯ,43.2,2026-03-12T19:23:24
Интер vs Аталанта,Серия А (Италия),2026-03-14,17:00,Тотал,Больше 1.5,0.8247,1.22,0.8197,0.0589,5.27,📌 НИЗКАЯ,41.7,2026-03-12T19:23:24
Интер vs Аталанта,Серия А (Италия),2026-03-14,17:00,Тотал 1Т,Больше 0.5,0.7563,1.31,0.7634,0.0464,0.0,📌 НИЗКАЯ,37.9,2026-03-12T19:23:24
Интер vs Аталанта,Серия А (Италия),2026-03-14,17:00,Двойной шанс,12,0.7963,1.23,0.813,0.0402,0.0,📌 НИЗКАЯ,36.1,2026-03-12T19:23:24
Наполи vs Лечче,Серия А (Италия),2026-03-14,20:00,Двойной шанс,1X,0.7952,1.22,0.8197,0.0329,0.0,📌 НИЗКАЯ,33.9,2026-03-12T19:26:21
Наполи vs Лечче,Серия А (Италия),2026-03-14,20:00,DNB,Хозяева (DNB),0.7311,1.34,0.7463,0.0371,0.0,📌 НИЗКАЯ,33.6,2026-03-12T19:26:21
Удинезе vs Ювентус,Серия А (Италия),2026-03-14,22:45,Двойной шанс,1X,0.6909,1.55,0.6452,0.0909,24.15,✅ СРЕДНЯЯ,54.5,2026-03-12T19:29:18
Удинезе vs Ювентус,Серия А (Италия),2026-03-14,22:45,DNB,Хозяева (DNB),0.5866,2.03,0.4926,0.1285,34.75,✅ СРЕДНЯЯ,53.9,2026-03-12T19:29:18
Удинезе vs Ювентус,Серия А (Италия),2026-03-14,22:45,Тотал,Больше 1.5,0.782,1.29,0.7752,0.0571,5.71,📌 НИЗКАЯ,41.1,2026-03-12T19:29:18
Удинезе vs Ювентус,Серия А (Италия),2026-03-14,22:45,Тотал 1Т,Больше 0.5,0.7194,1.37,0.7299,0.0406,0.0,📌 НИЗКАЯ,33.7,2026-03-12T19:29:18
Удинезе vs Ювентус,Серия А (Италия),2026-03-14,22:45,Тотал,Больше 2.5,0.5474,1.98,0.5051,0.0754,16.03,📌 НИЗКАЯ,30.4,2026-03-12T19:29:18
Боруссия М vs Санкт-Паули,Бундеслига (Германия),2026-03-13,22:30,Двойной шанс,1X,0.764,1.35,0.7407,0.0751,16.81,✅ СРЕДНЯЯ,57.5,2026-03-12T19:32:16
Боруссия М vs Санкт-Паули,Бундеслига (Германия),2026-03-13,22:30,Исход,Победа хозяев (1),0.519,2.13,0.4695,0.0806,17.51,📌 НИЗКАЯ,32.7,2026-03-12T19:32:16
Хоффенхайм vs Вольфсбург,Бундеслига (Германия),2026-03-14,17:30,Двойной шанс,1X,0.8389,1.19,0.8403,0.0573,0.0,📌 НИЗКАЯ,44.2,2026-03-12T19:35:14
Хоффенхайм vs Вольфсбург,Бундеслига (Германия),2026-03-14,17:30,Тотал,Больше 1.5,0.746,1.32,0.7576,0.0381,0.0,📌 НИЗКАЯ,38.1,2026-03-12T19:35:14
Хоффенхайм vs Вольфсбург,Бундеслига (Германия),2026-03-14,17:30,Исход,Победа хозяев (1),0.5977,1.77,0.565,0.0693,14.13,📌 НИЗКАЯ,35.6,2026-03-12T19:35:14
Айнтрахт vs Хайденхайм,Бундеслига (Германия),2026-03-14,17:30,Двойной шанс,1X,0.802,1.25,0.8,0.058,1.91,📌 НИЗКАЯ,44.4,2026-03-12T19:38:11
Айнтрахт vs Хайденхайм,Бундеслига (Германия),2026-03-14,17:30,Исход,Победа хозяев (1),0.5543,1.88,0.5319,0.0576,8.95,📌 НИЗКАЯ,33.6,2026-03-12T19:38:11
Байер vs Bayern München,Бундеслига (Германия),2026-03-14,17:30,Двойной шанс,1X,0.5969,1.87,0.5348,0.0996,25.04,✅ СРЕДНЯЯ,52.6,2026-03-12T19:41:08
Байер vs Bayern München,Бундеслига (Германия),2026-03-14,17:30,Тотал,Больше 2.5,0.7645,1.32,0.7576,0.0572,5.36,📌 НИЗКАЯ,44.2,2026-03-12T19:41:08
Байер vs Bayern München,Бундеслига (Германия),2026-03-14,17:30,Тотал,Больше 1.5,0.9111,1.06,0.9434,0.032,0.0,📌 НИЗКАЯ,36.6,2026-03-12T19:41:08
Байер vs Bayern München,Бундеслига (Германия),2026-03-14,17:30,Тотал,Больше 3.5,0.5737,1.88,0.5319,0.0763,16.72,📌 НИЗКАЯ,35.8,2026-03-12T19:41:08
Байер vs Bayern München,Бундеслига (Германия),2026-03-14,17:30,Тотал 1Т,Больше 1.5,0.5636,1.9,0.5263,0.0741,14.75,📌 НИЗКАЯ,34.3,2026-03-12T19:41:08
Боруссия Д vs Аугсбург,Бундеслига (Германия),2026-03-14,17:30,Двойной шанс,1X,0.7643,1.3,0.7692,0.0489,0.0,📌 НИЗКАЯ,41.7,2026-03-12T19:44:05
Боруссия Д vs Аугсбург,Бундеслига (Германия),2026-03-14,17:30,Исход,Победа хозяев (1),0.5327,1.95,0.5128,0.053,7.64,📌 НИЗКАЯ,25.5,2026-03-12T19:44:05
Боруссия Д vs Аугсбург,Бундеслига (Германия),2026-03-14,17:30,Тотал,Больше 2.5,0.5961,1.65,0.6061,0.0304,0.0,📌 НИЗКАЯ,23.8,2026-03-12T19:44:05
Гамбург vs 1. Köln,Бундеслига (Германия),2026-03-14,20:30,DNB,Хозяева (DNB),0.8457,1.16,0.8621,0.044,0.0,📌 НИЗКАЯ,40.2,2026-03-12T19:47:02
Гамбург vs 1. Köln,Бундеслига (Германия),2026-03-14,20:30,Двойной шанс,1X,0.8687,1.12,0.8929,0.0384,0.0,📌 НИЗКАЯ,38.5,2026-03-12T19:47:02
Марсель vs Осер,Лига 1 (Франция),2026-03-13,22:45,DNB,Хозяева (DNB),0.6343,1.66,0.6024,0.0741,15.04,✅ СРЕДНЯЯ,48.0,2026-03-12T19:50:01
Марсель vs Осер,Лига 1 (Франция),2026-03-13,22:45,Двойной шанс,1X,0.7308,1.38,0.7246,0.0568,4.17,📌 НИЗКАЯ,42.5,2026-03-12T19:50:01
Лорьян vs Ланс,Лига 1 (Франция),2026-03-14,19:00,Двойной шанс,1X,0.7578,1.3,0.7692,0.0424,0.0,📌 НИЗКАЯ,39.7,2026-03-12T19:52:58
Лорьян vs Ланс,Лига 1 (Франция),2026-03-14,19:00,Исход,Победа хозяев (1),0.5188,1.96,0.5102,0.0421,3.28,📌 НИЗКАЯ,21.1,2026-03-12T19:52:58
Анже vs Ницца,Лига 1 (Франция),2026-03-14,21:00,Двойной шанс,1X,0.7515,1.31,0.7634,0.0415,0.0,📌 НИЗКАЯ,39.5,2026-03-12T19:55:55
Анже vs Ницца,Лига 1 (Франция),2026-03-14,21:00,DNB,Хозяева (DNB),0.6676,1.51,0.6623,0.0517,2.97,📌 НИЗКАЯ,35.9,2026-03-12T19:55:55
Монако vs Брест,Лига 1 (Франция),2026-03-14,23:05,DNB,Гости (DNB),0.4102,2.58,0.3876,0.0498,0.0,📊 ИНФО,0.0,2026-03-12T19:58:52
ПСЖ vs Нант,Лига 1 (Франция),2026-03-15,03:00,Исход,Победа хозяев (1),0.6136,1.73,0.578,0.0739,15.79,✅ СРЕДНЯЯ,51.3,2026-03-12T20:01:50
ПСЖ vs Нант,Лига 1 (Франция),2026-03-15,03:00,Двойной шанс,1X,0.8278,1.21,0.8264,0.0592,1.51,📌 НИЗКАЯ,44.8,2026-03-12T20:01:50
ПСЖ vs Нант,Лига 1 (Франция),2026-03-15,03:00,Тотал,Больше 1.5,0.8099,1.22,0.8197,0.045,0.0,📌 НИЗКАЯ,40.5,2026-03-12T20:01:50
ПСЖ vs Нант,Лига 1 (Франция),2026-03-15,03:00,Тотал 1Т,Больше 0.5,0.7432,1.31,0.7634,0.0333,0.0,📌 НИЗКАЯ,36.4,2026-03-12T20:01:50
ПСЖ vs Нант,Лига 1 (Франция),2026-03-15,03:00,Тотал,Больше 2.5,0.5877,1.78,0.5618,0.0624,11.07,📌 НИЗКАЯ,32.7,2026-03-12T20:01:50
PEC Zwolle vs Groningen,Эредивизи (Нидерланды),2026-03-13,22:00,Двойной шанс,1X,0.7291,1.47,0.6803,0.0964,28.63,✅ СРЕДНЯЯ,62.2,2026-03-12T20:04:47
PEC Zwolle vs Groningen,Эредивизи (Нидерланды),2026-03-13,22:00,DNB,Хозяева (DNB),0.6368,1.82,0.5495,0.1258,36.34,✅ СРЕДНЯЯ,60.9,2026-03-12T20:04:47
Volendam vs Fortuna Sittard,Эредивизи (Нидерланды),2026-03-14,18:30,DNB,Хозяева (DNB),0.6398,1.73,0.578,0.1022,27.42,✅ СРЕДНЯЯ,56.8,2026-03-12T20:07:44
ПСВ vs НЕК,Эредивизи (Нидерланды),2026-03-14,20:45,DNB,Хозяева (DNB),0.9121,1.14,0.8772,0.0963,0.0,📊 ИНФО,0.0,2026-03-12T20:10:42
SC Heerenveen vs Telstar 1963,Эредивизи (Нидерланды),2026-03-14,22:00,DNB,Хозяева (DNB),0.593,1.82,0.5495,0.082,18.14,✅ СРЕДНЯЯ,47.0,2026-03-12T20:13:39
Аякс vs Спарта Роттердам,Эредивизи (Нидерланды),2026-03-14,23:00,DNB,Хозяева (DNB),0.8085,1.35,0.7407,0.1196,0.0,📊 ИНФО,0.0,2026-03-12T20:16:38
Vitória vs Famalicão,Примейра-лига (Португалия),2026-03-14,18:30,Двойной шанс,1X,0.6887,1.56,0.641,0.0925,24.89,✅ СРЕДНЯЯ,57.8,2026-03-12T20:19:35
Vitória vs Famalicão,Примейра-лига (Португалия),2026-03-14,18:30,DNB,Хозяева (DNB),0.5839,1.99,0.5025,0.1166,30.69,✅ СРЕДНЯЯ,56.7,2026-03-12T20:19:35
Жил Висенте vs Alverca,Примейра-лига (Португалия),2026-03-14,21:00,Тотал,Больше 1.5,0.7383,1.42,0.7042,0.0813,21.59,✅ СРЕДНЯЯ,58.5,2026-03-12T20:22:32
Ароука vs Бенфика,Примейра-лига (Португалия),2026-03-14,23:30,Тотал,Больше 3.5,0.4703,2.26,0.4425,0.0573,0.0,📊 ИНФО,0.0,2026-03-12T20:25:29
Спортинг vs CD Tondela,Примейра-лига (Португалия),2026-03-15,03:00,Двойной шанс,1X,0.8348,1.25,0.8,0.0907,32.58,✅ СРЕДНЯЯ,62.2,2026-03-12T20:28:27
Спортинг vs CD Tondela,Примейра-лига (Португалия),2026-03-15,03:00,Исход,Победа хозяев (1),0.6507,1.79,0.5587,0.1276,39.11,✅ СРЕДНЯЯ,62.1,2026-03-12T20:28:27
SC Corinthians Paulista vs Coritiba FBC,Жюпиле Про Лига (Бельгия),2026-03-12,03:30,Двойной шанс,1X,0.7728,1.31,0.7634,0.0629,7.46,📌 НИЗКАЯ,45.9,2026-03-12T20:31:24
SC Corinthians Paulista vs Coritiba FBC,Жюпиле Про Лига (Бельгия),2026-03-12,03:30,Исход,Победа хозяев (1),0.5564,1.92,0.5208,0.0695,13.9,📌 НИЗКАЯ,32.4,2026-03-12T20:31:24
CR Flamengo vs Cruzeiro EC,Жюпиле Про Лига (Бельгия),2026-03-12,03:30,Двойной шанс,1X,0.7728,1.31,0.7634,0.0629,7.46,📌 НИЗКАЯ,45.9,2026-03-12T20:34:21
CR Flamengo vs Cruzeiro EC,Жюпиле Про Лига (Бельгия),2026-03-12,03:30,Исход,Победа хозяев (1),0.5564,1.92,0.5208,0.0695,13.9,📌 НИЗКАЯ,32.4,2026-03-12T20:34:21
Clube do Remo vs Fluminense,Жюпиле Про Лига (Бельгия),2026-03-13,01:00,Двойной шанс,1X,0.7651,1.34,0.7463,0.0711,13.91,✅ СРЕДНЯЯ,56.3,2026-03-12T20:37:19
Clube do Remo vs Fluminense,Жюпиле Про Лига (Бельгия),2026-03-13,01:00,Исход,Победа хозяев (1),0.5486,2.01,0.4975,0.0832,19.05,📌 НИЗКАЯ,35.8,2026-03-12T20:37:19
CR Vasco da Gama vs SE Palmeiras,Жюпиле Про Лига (Бельгия),2026-03-13,01:30,Двойной шанс,1X,0.7728,1.31,0.7634,0.0629,7.46,📌 НИЗКАЯ,45.9,2026-03-12T20:40:15
CR Vasco da Gama vs SE Palmeiras,Жюпиле Про Лига (Бельгия),2026-03-13,01:30,Исход,Победа хозяев (1),0.5564,1.92,0.5208,0.0695,13.9,📌 НИЗКАЯ,32.4,2026-03-12T20:40:15
São Paulo vs Chapecoense AF,Жюпиле Про Лига (Бельгия),2026-03-13,02:00,Двойной шанс,1X,0.7728,1.31,0.7634,0.0629,7.46,📌 НИЗКАЯ,45.9,2026-03-12T20:43:13
São Paulo vs Chapecoense AF,Жюпиле Про Лига (Бельгия),2026-03-13,02:00,Исход,Победа хозяев (1),0.5564,1.92,0.5208,0.0695,13.9,📌 НИЗКАЯ,32.4,2026-03-12T20:43:13
Grêmio FBPA vs Брага,Жюпиле Про Лига (Бельгия),2026-03-13,03:30,Двойной шанс,1X,0.6776,1.45,0.6897,0.0362,0.0,📌 НИЗКАЯ,32.1,2026-03-12T20:46:10
Grêmio FBPA vs Брага,Жюпиле Про Лига (Бельгия),2026-03-13,03:30,Тотал,Меньше 3.5,0.5736,1.79,0.5587,0.051,6.37,📌 НИЗКАЯ,28.2,2026-03-12T20:46:10
Grêmio FBPA vs Брага,Жюпиле Про Лига (Бельгия),2026-03-13,03:30,DNB,Хозяева (DNB),0.578,1.72,0.5814,0.0373,0.0,📌 НИЗКАЯ,24.4,2026-03-12T20:46:10
EC Vitória vs CA Mineiro,Жюпиле Про Лига (Бельгия),2026-03-15,00:30,Двойной шанс,1X,0.7728,1.31,0.7634,0.0629,7.46,📌 НИЗКАЯ,45.9,2026-03-12T20:49:08
EC Vitória vs CA Mineiro,Жюпиле Про Лига (Бельгия),2026-03-15,00:30,Исход,Победа хозяев (1),0.5564,1.92,0.5208,0.0695,13.9,📌 НИЗКАЯ,32.4,2026-03-12T20:49:08
Botafogo FR vs CR Flamengo,Жюпиле Про Лига (Бельгия),2026-03-15,02:30,Двойной шанс,1X,0.7728,1.31,0.7634,0.0629,7.46,📌 НИЗКАЯ,45.9,2026-03-12T20:52:05
Botafogo FR vs CR Flamengo,Жюпиле Про Лига (Бельгия),2026-03-15,02:30,Исход,Победа хозяев (1),0.5564,1.92,0.5208,0.0695,13.9,📌 НИЗКАЯ,32.4,2026-03-12T20:52:05
Wrexham vs Суонси,Чемпионшип (Англия Д2),2026-03-13,23:00,DNB,Хозяева (DNB),0.712,1.55,0.6452,0.112,0.0,📊 ИНФО,0.0,2026-03-12T20:55:02
Оксфорд vs Charlton Athletic,Чемпионшип (Англия Д2),2026-03-14,15:30,Тотал,Больше 3.5,0.3994,2.99,0.3344,0.0868,0.0,📊 ИНФО,0.0,2026-03-12T20:57:59
Ковентри vs Саутгемптон,Чемпионшип (Англия Д2),2026-03-14,15:30,Тотал,Больше 2.5,0.5118,2.35,0.4255,0.1143,0.0,📊 ИНФО,0.0,2026-03-12T21:00:57
Мидлсбро vs Бристоль,Чемпионшип (Англия Д2),2026-03-14,15:30,Тотал,Больше 3.5,0.4381,2.72,0.3676,0.0951,0.0,📊 ИНФО,0.0,2026-03-12T21:03:54
Бирмингем vs Шеффилд Юнайтед,Чемпионшип (Англия Д2),2026-03-14,18:00,DNB,Хозяева (DNB),0.8159,1.27,0.7874,0.0836,25.15,✅ СРЕДНЯЯ,60.1,2026-03-12T21:06:51
Лестер vs КПР,Чемпионшип (Англия Д2),2026-03-14,18:00,DNB,Гости (DNB),0.571,1.93,0.5181,0.0891,0.0,📊 ИНФО,0.0,2026-03-12T21:09:48
Сток vs Уотфорд,Чемпионшип (Англия Д2),2026-03-14,18:00,DNB,Хозяева (DNB),0.676,1.55,0.6452,0.076,16.3,✅ СРЕДНЯЯ,51.9,2026-03-12T21:12:45
Миллуолл vs Блэкберн,Чемпионшип (Англия Д2),2026-03-14,18:00,DNB,Хозяева (DNB),0.676,1.55,0.6452,0.076,16.3,✅ СРЕДНЯЯ,51.9,2026-03-12T21:15:42
Норвич vs Престон,Чемпионшип (Англия Д2),2026-03-14,18:00,DNB,Хозяева (DNB),0.676,1.55,0.6452,0.076,16.3,✅ СРЕДНЯЯ,51.9,2026-03-12T21:18:39
Шеффилд Уэнсдей vs Ипсвич,Чемпионшип (Англия Д2),2026-03-14,18:00,Тотал,Больше 1.5,0.8032,1.33,0.7519,0.1001,38.77,✅ СРЕДНЯЯ,65.0,2026-03-12T21:21:36
Шеффилд Уэнсдей vs Ипсвич,Чемпионшип (Англия Д2),2026-03-14,18:00,Тотал 1Т,Больше 0.5,0.7419,1.4,0.7143,0.0776,18.14,✅ СРЕДНЯЯ,57.6,2026-03-12T21:21:36
Шеффилд Уэнсдей vs Ипсвич,Чемпионшип (Англия Д2),2026-03-14,18:00,Тотал,Больше 2.5,0.5904,2.1,0.4762,0.1459,40.87,✅ СРЕДНЯЯ,57.2,2026-03-12T21:21:36
Шеффилд Уэнсдей vs Ипсвич,Чемпионшип (Англия Д2),2026-03-14,18:00,Исход,Победа хозяев (1),0.6603,1.62,0.6173,0.0827,21.09,✅ СРЕДНЯЯ,52.6,2026-03-12T21:21:36
Вест Бромвич vs Халл,Чемпионшип (Англия Д2),2026-03-14,18:00,DNB,Хозяева (DNB),0.6815,1.49,0.6711,0.0573,0.0,📊 ИНФО,0.0,2026-03-12T21:24:33
SC Corinthians Paulista vs Coritiba FBC,Жюпиле Про Лига (Бельгия),2026-03-12,03:30,DNB,Хозяева (DNB),0.6667,1.49,0.6711,0.0425,0.0,📌 НИЗКАЯ,33.1,2026-03-12T21:35:28
CR Flamengo vs Cruzeiro EC,Жюпиле Про Лига (Бельгия),2026-03-12,03:30,DNB,Хозяева (DNB),0.6667,1.49,0.6711,0.0425,0.0,📌 НИЗКАЯ,33.1,2026-03-12T21:38:26
Clube do Remo vs Fluminense,Жюпиле Про Лига (Бельгия),2026-03-13,01:00,Двойной шанс,1X,0.7356,1.34,0.7463,0.0415,0.0,📌 НИЗКАЯ,38.3,2026-03-12T21:41:23
Clube do Remo vs Fluminense,Жюпиле Про Лига (Бельгия),2026-03-13,01:00,DNB,Хозяева (DNB),0.655,1.55,0.6452,0.055,5.19,📌 НИЗКАЯ,35.9,2026-03-12T21:41:23
CR Vasco da Gama vs SE Palmeiras,Жюпиле Про Лига (Бельгия),2026-03-13,01:30,DNB,Хозяева (DNB),0.6667,1.49,0.6711,0.0425,0.0,📌 НИЗКАЯ,33.1,2026-03-12T21:44:21
São Paulo vs Chapecoense AF,Жюпиле Про Лига (Бельгия),2026-03-13,02:00,DNB,Хозяева (DNB),0.6667,1.49,0.6711,0.0425,0.0,📌 НИЗКАЯ,33.1,2026-03-12T21:47:19
Deportivo Alavés vs Вильярреал,Ла Лига (Испания),2026-03-13,23:00,Фора 0,Хозяева (Ф0),0.7216,1.4,0.7143,0.0573,4.23,📌 НИЗКАЯ,41.9,2026-03-13T01:36:07
Deportivo Alavés vs Вильярреал,Ла Лига (Испания),2026-03-13,23:00,Тотал,Больше 2.5,0.5476,1.88,0.5319,0.0503,5.53,📌 НИЗКАЯ,25.9,2026-03-13T01:36:07
Deportivo Alavés vs Вильярреал,Ла Лига (Испания),2026-03-13,23:00,Исход,Победа хозяев (1),0.5456,1.86,0.5376,0.0429,2.83,📌 НИЗКАЯ,23.5,2026-03-13T01:36:07
Торино vs Парма,Серия А (Италия),2026-03-13,22:45,Двойной шанс,1X,0.7549,1.32,0.7576,0.0504,0.0,📌 НИЗКАЯ,42.1,2026-03-13T01:39:04
Торино vs Парма,Серия А (Италия),2026-03-13,22:45,Фора 0,Хозяева (Ф0),0.6774,1.51,0.6623,0.0615,7.38,📌 НИЗКАЯ,39.6,2026-03-13T01:39:04
Боруссия М vs Санкт-Паули,Бундеслига (Германия),2026-03-13,22:30,Двойной шанс,1X,0.7558,1.32,0.7576,0.0512,0.0,📌 НИЗКАЯ,42.4,2026-03-13T01:42:01
Боруссия М vs Санкт-Паули,Бундеслига (Германия),2026-03-13,22:30,Тотал,Меньше 3.5,0.7439,1.34,0.7463,0.0477,0.0,📌 НИЗКАЯ,40.8,2026-03-13T01:42:01
Боруссия М vs Санкт-Паули,Бундеслига (Германия),2026-03-13,22:30,Фора 0,Хозяева (Ф0),0.6651,1.54,0.6494,0.0612,7.42,📌 НИЗКАЯ,38.6,2026-03-13T01:42:01
Боруссия М vs Санкт-Паули,Бундеслига (Германия),2026-03-13,22:30,Тотал,Меньше 2.5,0.5301,1.97,0.5076,0.0555,7.55,📌 НИЗКАЯ,26.1,2026-03-13T01:42:01
Марсель vs Осер,Лига 1 (Франция),2026-03-13,22:45,Фора 0,Хозяева (Ф0),0.5934,1.66,0.6024,0.0331,0.0,📌 НИЗКАЯ,24.4,2026-03-13T01:44:59
Grêmio FBPA vs Брага,Жюпиле Про Лига (Бельгия),2026-03-13,03:30,Тотал,Меньше 3.5,0.5782,1.79,0.5587,0.0556,7.32,📌 НИЗКАЯ,29.9,2026-03-13T01:47:55
Wrexham vs Суонси,Чемпионшип (Англия Д2),2026-03-13,23:00,Фора 0,Хозяева (Ф0),0.6267,1.55,0.6452,0.0267,0.0,📊 ИНФО,0.0,2026-03-13T01:50:52
Сандерленд vs Брайтон,Премьер-лига (Англия),2026-03-14,18:00,Фора 0,Хозяева (Ф0),0.6414,1.57,0.6369,0.0491,2.31,📌 НИЗКАЯ,33.0,2026-03-14T17:42:01
Бёрнли vs Борнмут,Премьер-лига (Англия),2026-03-14,18:00,Тотал,Больше 3.5,0.4384,2.24,0.4464,0.0217,0.0,📊 ИНФО,0.0,2026-03-14T17:45:12
Челси vs Ньюкасл,Премьер-лига (Англия),2026-03-14,20:30,Фора 0,Хозяева (Ф0),0.6532,1.51,0.6623,0.0373,0.0,📌 НИЗКАЯ,30.4,2026-03-14T17:48:23
Арсенал vs Эвертон,Премьер-лига (Англия),2026-03-14,20:30,Исход,Ничья,0.2561,4.02,0.2488,0.0234,0.0,📊 ИНФО,0.0,2026-03-14T17:51:32
Вест Хэм vs Ман Сити,Премьер-лига (Англия),2026-03-14,23:00,Тотал,Меньше 3.5,0.6957,1.47,0.6803,0.0595,9.03,📌 НИЗКАЯ,40.5,2026-03-14T18:08:41
Вест Хэм vs Ман Сити,Премьер-лига (Англия),2026-03-14,23:00,Двойной шанс,X2,0.5694,1.78,0.5618,0.0469,3.25,📌 НИЗКАЯ,26.6,2026-03-14T18:08:41
Жирона vs Атлетик Бильбао,Ла Лига (Испания),2026-03-14,16:00,Тотал,Больше 2.5,0.6097,1.71,0.5848,0.0645,11.23,📌 НИЗКАЯ,35.1,2026-03-14T18:11:38
Club Atlético de Madrid vs Хетафе,Ла Лига (Испания),2026-03-14,18:15,Тотал,Больше 2.5,0.6749,1.56,0.641,0.0749,17.67,✅ СРЕДНЯЯ,51.5,2026-03-14T18:14:35
Реал Овьедо vs Валенсия,Ла Лига (Испания),2026-03-14,20:30,Тотал,Больше 3.5,0.522,2.18,0.4587,0.0927,0.0,📊 ИНФО,0.0,2026-03-14T18:17:32
Реал Мадрид vs Elche CF,Ла Лига (Испания),2026-03-14,23:00,Тотал,Меньше 3.5,0.5331,1.89,0.5291,0.0384,1.59,📌 НИЗКАЯ,21.2,2026-03-14T18:20:29
Интер vs Аталанта,Серия А (Италия),2026-03-14,17:00,Фора 0,Хозяева (Ф0),0.7529,1.34,0.7463,0.0589,4.91,📌 НИЗКАЯ,41.7,2026-03-14T20:44:23
Интер vs Аталанта,Серия А (Италия),2026-03-14,17:00,Тотал,Больше 2.5,0.5794,1.78,0.5618,0.0541,7.53,📌 НИЗКАЯ,26.6,2026-03-14T20:44:23
Интер vs Аталанта,Серия А (Италия),2026-03-14,17:00,Исход,Победа хозяев (1),0.5751,1.76,0.5682,0.0432,2.98,📌 НИЗКАЯ,23.0,2026-03-14T20:44:23
Наполи vs Лечче,Серия А (Италия),2026-03-14,20:00,Тотал,Меньше 2.5,0.51,1.99,0.5025,0.0407,2.83,📌 НИЗКАЯ,17.0,2026-03-14T20:47:21
Удинезе vs Ювентус,Серия А (Италия),2026-03-14,22:45,Двойной шанс,1X,0.6791,1.55,0.6452,0.0791,17.94,✅ СРЕДНЯЯ,50.1,2026-03-14T20:50:19
Удинезе vs Ювентус,Серия А (Италия),2026-03-14,22:45,Фора 0,Хозяева (Ф0),0.5703,2.03,0.4926,0.1122,28.71,📌 НИЗКАЯ,43.3,2026-03-14T20:50:19
Удинезе vs Ювентус,Серия А (Италия),2026-03-14,22:45,Тотал,Больше 1.5,0.7837,1.29,0.7752,0.0587,7.07,📌 НИЗКАЯ,41.6,2026-03-14T20:50:19
Удинезе vs Ювентус,Серия А (Италия),2026-03-14,22:45,Тотал 1Т,Больше 0.5,0.7204,1.37,0.7299,0.0416,0.0,📌 НИЗКАЯ,34.1,2026-03-14T20:50:19
Удинезе vs Ювентус,Серия А (Италия),2026-03-14,22:45,Тотал,Больше 2.5,0.5499,1.98,0.5051,0.0779,16.99,📌 НИЗКАЯ,31.4,2026-03-14T20:50:19
Байер vs Bayern München,Бундеслига (Германия),2026-03-14,17:30,Тотал,Больше 2.5,0.7607,1.32,0.7576,0.0534,2.45,📌 НИЗКАЯ,43.0,2026-03-14T20:53:17
Байер vs Bayern München,Бундеслига (Германия),2026-03-14,17:30,Тотал,Больше 3.5,0.5682,1.88,0.5319,0.0708,14.52,📌 НИЗКАЯ,33.7,2026-03-14T20:53:17
Байер vs Bayern München,Бундеслига (Германия),2026-03-14,17:30,Тотал 1Т,Больше 1.5,0.5598,1.9,0.5263,0.0703,13.26,📌 НИЗКАЯ,32.9,2026-03-14T20:53:17
Байер vs Bayern München,Бундеслига (Германия),2026-03-14,17:30,Двойной шанс,1X,0.5494,1.87,0.5348,0.052,5.89,📌 НИЗКАЯ,26.6,2026-03-14T20:53:17
Боруссия Д vs Аугсбург,Бундеслига (Германия),2026-03-14,17:30,Тотал,Больше 3.5,0.3776,2.74,0.365,0.0362,0.0,📊 ИНФО,0.0,2026-03-14T20:56:17
Хоффенхайм vs Вольфсбург,Бундеслига (Германия),2026-03-14,17:30,Фора 0,Хозяева (Ф0),0.7515,1.36,0.7353,0.0676,11.45,📌 НИЗКАЯ,47.3,2026-03-14T20:59:14
Хоффенхайм vs Вольфсбург,Бундеслига (Германия),2026-03-14,17:30,Тотал,Больше 1.5,0.732,1.35,0.7407,0.0402,0.0,📌 НИЗКАЯ,37.6,2026-03-14T20:59:14
Хоффенхайм vs Вольфсбург,Бундеслига (Германия),2026-03-14,17:30,Исход,Победа хозяев (1),0.5607,1.84,0.5435,0.0522,7.09,📌 НИЗКАЯ,27.5,2026-03-14T20:59:14
Айнтрахт vs Хайденхайм,Бундеслига (Германия),2026-03-14,17:30,Фора 0,Хозяева (Ф0),0.7011,1.41,0.7092,0.0415,0.0,📌 НИЗКАЯ,35.5,2026-03-14T21:02:13
Айнтрахт vs Хайденхайм,Бундеслига (Германия),2026-03-14,17:30,Тотал,Меньше 2.5,0.5478,1.85,0.5405,0.0425,2.96,📌 НИЗКАЯ,23.6,2026-03-14T21:02:13
Гамбург vs 1. Köln,Бундеслига (Германия),2026-03-14,20:30,Фора 0,Хозяева (Ф0),0.8272,1.18,0.8475,0.039,0.0,📊 ИНФО,0.0,2026-03-14T21:05:11
Лорьян vs Ланс,Лига 1 (Франция),2026-03-14,19:00,Фора 0,Хозяева (Ф0),0.6585,1.48,0.6757,0.0301,0.0,📊 ИНФО,0.0,2026-03-14T21:08:09
Анже vs Ницца,Лига 1 (Франция),2026-03-14,21:00,Исход,Ничья,0.2798,3.8,0.2632,0.0334,0.0,📊 ИНФО,0.0,2026-03-14T21:11:09
Монако vs Брест,Лига 1 (Франция),2026-03-14,23:05,Двойной шанс,X2,0.5777,1.81,0.5525,0.0638,10.55,📌 НИЗКАЯ,32.4,2026-03-14T21:14:06
ПСЖ vs Нант,Лига 1 (Франция),2026-03-15,03:00,Фора 0,Хозяева (Ф0),0.7551,1.32,0.7576,0.0505,0.0,📌 НИЗКАЯ,42.1,2026-03-14T21:17:03
ПСЖ vs Нант,Лига 1 (Франция),2026-03-15,03:00,Исход,Победа хозяев (1),0.5789,1.73,0.578,0.0392,0.4,📌 НИЗКАЯ,30.1,2026-03-14T21:17:03
ПСЖ vs Нант,Лига 1 (Франция),2026-03-15,03:00,Тотал,Больше 2.5,0.5717,1.78,0.5618,0.0464,4.23,📌 НИЗКАЯ,26.7,2026-03-14T21:17:03
EC Vitória vs CA Mineiro,Жюпиле Про Лига (Бельгия),2026-03-15,00:30,Фора 0,Хозяева (Ф0),0.652,1.51,0.6623,0.0361,0.0,📌 НИЗКАЯ,30.0,2026-03-14T21:20:01
Botafogo FR vs CR Flamengo,Жюпиле Про Лига (Бельгия),2026-03-15,02:30,Исход,Ничья,0.2566,4.14,0.2415,0.0308,0.0,📊 ИНФО,0.0,2026-03-14T21:22:59
Оксфорд vs Charlton Athletic,Чемпионшип (Англия Д2),2026-03-14,15:30,Фора 0,Гости (Ф0),0.5228,2.44,0.4098,0.1416,0.0,📊 ИНФО,0.0,2026-03-14T21:26:04
Ковентри vs Саутгемптон,Чемпионшип (Англия Д2),2026-03-14,15:30,Тотал,Больше 2.5,0.5423,2.35,0.4255,0.1448,0.0,📊 ИНФО,0.0,2026-03-14T21:29:01
Мидлсбро vs Бристоль,Чемпионшип (Англия Д2),2026-03-14,15:30,Тотал,Больше 3.5,0.4242,2.72,0.3676,0.0812,0.0,📊 ИНФО,0.0,2026-03-14T21:31:58
Шеффилд Уэнсдей vs Ипсвич,Чемпионшип (Англия Д2),2026-03-14,18:00,Тотал,Больше 2.5,0.5693,2.1,0.4762,0.1248,33.32,📌 НИЗКАЯ,47.5,2026-03-14T21:34:56
Вест Бромвич vs Халл,Чемпионшип (Англия Д2),2026-03-14,18:00,Фора 0,Гости (Ф0),0.4054,2.51,0.3984,0.0349,0.0,📊 ИНФО,0.0,2026-03-14T21:37:53
Лестер vs КПР,Чемпионшип (Англия Д2),2026-03-14,18:00,Фора 0,Гости (Ф0),0.5748,1.93,0.5181,0.0929,22.03,📌 НИЗКАЯ,40.9,2026-03-14T21:40:55
Миллуолл vs Блэкберн,Чемпионшип (Англия Д2),2026-03-14,18:00,Фора 0,Хозяева (Ф0),0.6642,1.55,0.6452,0.0642,0.0,📊 ИНФО,0.0,2026-03-14T21:43:57
Бирмингем vs Шеффилд Юнайтед,Чемпионшип (Англия Д2),2026-03-14,18:00,Фора 0,Хозяева (Ф0),0.8425,1.27,0.7874,0.1102,0.0,📊 ИНФО,0.0,2026-03-14T21:46:54
Сток vs Уотфорд,Чемпионшип (Англия Д2),2026-03-14,18:00,Фора 0,Хозяева (Ф0),0.6642,1.55,0.6452,0.0642,0.0,📊 ИНФО,0.0,2026-03-14T21:50:03
Норвич vs Престон,Чемпионшип (Англия Д2),2026-03-14,18:00,Фора 0,Хозяева (Ф0),0.6642,1.55,0.6452,0.0642,0.0,📊 ИНФО,0.0,2026-03-14T21:53:00
Ноттингем vs Фулхэм,Премьер-лига (Англия),2026-03-15,17:00,Фора 0,Хозяева (Ф0),0.6408,1.57,0.6369,0.0484,1.2,📌 НИЗКАЯ,32.8,2026-03-15T13:22:43
Кристал Пэлас vs Лидс,Премьер-лига (Англия),2026-03-15,17:00,Фора 0,Хозяева (Ф0),0.6526,1.51,0.6623,0.0367,0.0,📌 НИЗКАЯ,30.2,2026-03-15T13:25:54
Ман Юнайтед vs Астон Вилла,Премьер-лига (Англия),2026-03-15,17:00,Фора 0,Хозяева (Ф0),0.619,1.57,0.6369,0.0266,0.0,📊 ИНФО,0.0,2026-03-15T13:29:05
Ливерпуль vs Тоттенхэм,Премьер-лига (Англия),2026-03-15,19:30,Тотал,Больше 2.5,0.7008,1.45,0.6897,0.0553,4.04,📌 НИЗКАЯ,39.7,2026-03-15T13:32:14
Мальорка vs Барселона,Ла Лига (Испания),2026-03-15,16:00,Тотал,Больше 2.5,0.5457,1.99,0.5025,0.0763,0.0,📊 ИНФО,0.0,2026-03-15T13:35:25
Барселона vs Севилья,Ла Лига (Испания),2026-03-15,18:15,Фора 0,Хозяева (Ф0),0.7159,1.5,0.6667,0.0959,16.6,✅ СРЕДНЯЯ,61.0,2026-03-15T13:37:40
Барселона vs Севилья,Ла Лига (Испания),2026-03-15,18:15,Двойной шанс,1X,0.7761,1.32,0.7576,0.0715,8.58,✅ СРЕДНЯЯ,56.5,2026-03-15T13:37:40
Барселона vs Севилья,Ла Лига (Испания),2026-03-15,18:15,Исход,Победа хозяев (1),0.5794,1.93,0.5181,0.095,14.31,📌 НИЗКАЯ,46.9,2026-03-15T13:37:40
Бетис vs Сельта,Ла Лига (Испания),2026-03-15,20:30,Тотал,Больше 2.5,0.7066,1.42,0.7042,0.0471,0.89,📌 НИЗКАЯ,37.7,2026-03-15T13:40:37
Бетис vs Сельта,Ла Лига (Испания),2026-03-15,20:30,Двойной шанс,1X,0.7257,1.36,0.7353,0.0418,0.0,📌 НИЗКАЯ,37.6,2026-03-15T13:40:37
Бетис vs Сельта,Ла Лига (Испания),2026-03-15,20:30,Фора 0,Хозяева (Ф0),0.6516,1.56,0.641,0.0555,3.33,📌 НИЗКАЯ,35.8,2026-03-15T13:40:37
Бетис vs Сельта,Ла Лига (Испания),2026-03-15,20:30,Тотал 1Т,Больше 1.5,0.5114,2.07,0.4831,0.0621,6.16,📌 НИЗКАЯ,26.5,2026-03-15T13:40:37
Реал Сосьедад vs Осасуна,Ла Лига (Испания),2026-03-15,23:00,Двойной шанс,1X,0.5567,1.78,0.5618,0.0342,0.0,📌 НИЗКАЯ,21.8,2026-03-15T13:43:34
Верона vs Генуя,Серия А (Италия),2026-03-15,14:30,Тотал,Больше 3.5,0.4335,2.53,0.3953,0.0644,0.0,📊 ИНФО,0.0,2026-03-15T13:47:46
Пиза vs Кальяри,Серия А (Италия),2026-03-15,17:00,Фора 0,Хозяева (Ф0),0.7807,1.3,0.7692,0.0653,5.59,📌 НИЗКАЯ,46.6,2026-03-15T13:50:43
Пиза vs Кальяри,Серия А (Италия),2026-03-15,17:00,Исход,Победа хозяев (1),0.6087,1.69,0.5917,0.0556,4.67,📌 НИЗКАЯ,32.4,2026-03-15T13:50:43
Пиза vs Кальяри,Серия А (Италия),2026-03-15,17:00,Тотал,Больше 2.5,0.5931,1.69,0.5917,0.0413,0.37,📌 НИЗКАЯ,26.8,2026-03-15T13:50:43
Сассуоло vs Болонья,Серия А (Италия),2026-03-15,17:00,Тотал,Больше 1.5,0.8089,1.2,0.8333,0.0291,0.0,📊 ИНФО,0.0,2026-03-15T13:53:40
Комо vs Рома,Серия А (Италия),2026-03-15,20:00,Двойной шанс,1X,0.7156,1.39,0.7194,0.0466,0.0,📌 НИЗКАЯ,38.2,2026-03-15T13:56:37
Комо vs Рома,Серия А (Италия),2026-03-15,20:00,Фора 0,Хозяева (Ф0),0.6144,1.66,0.6024,0.0542,3.41,📌 НИЗКАЯ,32.4,2026-03-15T13:56:37
Лацио vs Милан,Серия А (Италия),2026-03-15,22:45,Двойной шанс,X2,0.5557,1.8,0.5556,0.039,0.04,📌 НИЗКАЯ,23.2,2026-03-15T13:59:35
Вердер vs Майнц,Бундеслига (Германия),2026-03-15,17:30,Двойной шанс,1X,0.7459,1.33,0.7519,0.0466,0.0,📌 НИЗКАЯ,40.7,2026-03-15T14:02:32
Вердер vs Майнц,Бундеслига (Германия),2026-03-15,17:30,Фора 0,Хозяева (Ф0),0.656,1.54,0.6494,0.0521,2.14,📌 НИЗКАЯ,35.1,2026-03-15T14:02:32
Вердер vs Майнц,Бундеслига (Германия),2026-03-15,17:30,Тотал,Меньше 2.5,0.5126,1.97,0.5076,0.0379,1.13,📌 НИЗКАЯ,19.4,2026-03-15T14:02:32
Фрайбург vs Унион Берлин,Бундеслига (Германия),2026-03-15,19:30,Фора 0,Хозяева (Ф0),0.7149,1.38,0.7246,0.041,0.0,📊 ИНФО,0.0,2026-03-15T14:05:29
Штутгарт vs РБ Лейпциг,Бундеслига (Германия),2026-03-15,21:30,Фора 0,Хозяева (Ф0),0.7066,1.53,0.6536,0.0987,17.2,✅ СРЕДНЯЯ,61.1,2026-03-15T14:08:27
Штутгарт vs РБ Лейпциг,Бундеслига (Германия),2026-03-15,21:30,Двойной шанс,1X,0.7709,1.34,0.7463,0.0769,10.93,✅ СРЕДНЯЯ,58.1,2026-03-15T14:08:27
Штутгарт vs РБ Лейпциг,Бундеслига (Германия),2026-03-15,21:30,Исход,Победа хозяев (1),0.5513,1.98,0.5051,0.0784,10.51,📌 НИЗКАЯ,34.6,2026-03-15T14:08:27
ПСЖ vs Нант,Лига 1 (Франция),2026-03-15,03:00,Фора 0,Хозяева (Ф0),0.7551,1.32,0.7576,0.0505,0.0,📌 НИЗКАЯ,42.1,2026-03-15T14:11:24
ПСЖ vs Нант,Лига 1 (Франция),2026-03-15,03:00,Исход,Победа хозяев (1),0.5789,1.73,0.578,0.0392,0.24,📌 НИЗКАЯ,30.1,2026-03-15T14:11:24
ПСЖ vs Нант,Лига 1 (Франция),2026-03-15,03:00,Тотал,Больше 2.5,0.5717,1.78,0.5618,0.0464,2.54,📌 НИЗКАЯ,26.7,2026-03-15T14:11:24
Страсбур vs ПСЖ,Лига 1 (Франция),2026-03-15,17:00,Тотал,Больше 2.5,0.5723,1.81,0.5525,0.0563,4.98,📌 НИЗКАЯ,29.7,2026-03-15T14:13:40
Мец vs Тулуза,Лига 1 (Франция),2026-03-15,19:15,Фора 0,Хозяева (Ф0),0.6408,1.55,0.6452,0.0408,0.0,📌 НИЗКАЯ,30.5,2026-03-15T14:16:37
Гавр vs Лион,Лига 1 (Франция),2026-03-15,19:15,Исход,Ничья,0.3013,3.58,0.2793,0.0401,0.0,📊 ИНФО,0.0,2026-03-15T14:19:35
Ренн vs Лилль,Лига 1 (Франция),2026-03-15,22:45,Фора 0,Хозяева (Ф0),0.7153,1.42,0.7042,0.0604,0.0,📊 ИНФО,0.0,2026-03-15T14:22:33
Насьонал vs EC Bahia,Жюпиле Про Лига (Бельгия),2026-03-15,22:00,Фора 0,Хозяева (Ф0),0.6962,1.44,0.6944,0.0504,0.0,📊 ИНФО,0.0,2026-03-15T14:25:30
Santos vs SC Corinthians Paulista,Жюпиле Про Лига (Бельгия),2026-03-15,22:00,Фора 0,Хозяева (Ф0),0.6463,1.54,0.6494,0.0424,0.0,📌 НИЗКАЯ,31.4,2026-03-15T14:28:31
Fluminense vs CA Paranaense,Жюпиле Про Лига (Бельгия),2026-03-15,22:00,Двойной шанс,1X,0.7309,1.36,0.7353,0.0471,0.0,📌 НИЗКАЯ,39.6,2026-03-15T14:31:28
Fluminense vs CA Paranaense,Жюпиле Про Лига (Бельгия),2026-03-15,22:00,Фора 0,Хозяева (Ф0),0.6465,1.57,0.6369,0.0541,2.95,📌 НИЗКАЯ,34.9,2026-03-15T14:31:28
SE Palmeiras vs Mirassol,Жюпиле Про Лига (Бельгия),2026-03-16,00:30,Тотал,Меньше 2.5,0.4959,2.2,0.4545,0.0703,0.0,📊 ИНФО,0.0,2026-03-15T14:34:25
Coritiba FBC vs Clube do Remo,Жюпиле Про Лига (Бельгия),2026-03-16,00:30,Фора 0,Хозяева (Ф0),0.652,1.51,0.6623,0.0361,0.0,📌 НИЗКАЯ,30.0,2026-03-15T14:37:22
Брага vs São Paulo,Жюпиле Про Лига (Бельгия),2026-03-16,02:30,Тотал,Меньше 3.5,0.6053,1.66,0.6024,0.0421,0.81,📌 НИЗКАЯ,28.1,2026-03-15T14:40:19
Cruzeiro EC vs CR Vasco da Gama,Жюпиле Про Лига (Бельгия),2026-03-16,02:30,Фора 0,Хозяева (Ф0),0.652,1.51,0.6623,0.0361,0.0,📌 НИЗКАЯ,30.0,2026-03-15T14:43:17
Брентфорд vs Вулверхэмптон,Премьер-лига (Англия),2026-03-16,23:00,Фора 0,Хозяева (Ф0),0.6532,1.51,0.6623,0.0373,0.0,📌 НИЗКАЯ,30.4,2026-03-16T12:24:43
Райо Вальекано vs Levante UD,Ла Лига (Испания),2026-03-16,23:00,Фора 0,Хозяева (Ф0),0.7184,1.38,0.7246,0.0445,0.0,📌 НИЗКАЯ,37.8,2026-03-16T12:28:53
Райо Вальекано vs Levante UD,Ла Лига (Испания),2026-03-16,23:00,Исход,Победа хозяев (1),0.5634,1.79,0.5587,0.0403,2.01,📌 НИЗКАЯ,24.2,2026-03-16T12:28:53
Кремонезе vs Фиорентина,Серия А (Италия),2026-03-16,22:45,Тотал,Больше 1.5,0.8017,1.21,0.8264,0.0308,0.0,📊 ИНФО,0.0,2026-03-16T12:33:02
Chapecoense AF vs Grêmio FBPA,Жюпиле Про Лига (Бельгия),2026-03-17,02:00,Фора 0,Хозяева (Ф0),0.652,1.51,0.6623,0.0361,0.0,📌 НИЗКАЯ,30.0,2026-03-16T12:36:00
Портсмут vs Дерби,Чемпионшип (Англия Д2),2026-03-16,23:00,Тотал,Больше 3.5,0.4367,2.72,0.3676,0.0937,0.0,📊 ИНФО,0.0,2026-03-16T12:38:58
Спортинг vs FK Bodø/Glimt,Лига Чемпионов,2026-03-17,20:45,Фора 0,Хозяева (Ф0),0.7564,1.41,0.7092,0.0969,30.44,✅ СРЕДНЯЯ,64.1,2026-03-17T10:32:18
Спортинг vs FK Bodø/Glimt,Лига Чемпионов,2026-03-17,20:45,Двойной шанс,1X,0.8096,1.26,0.7937,0.0716,14.54,✅ СРЕДНЯЯ,56.5,2026-03-17T10:32:18
Спортинг vs FK Bodø/Glimt,Лига Чемпионов,2026-03-17,20:45,Исход,Победа хозяев (1),0.5956,1.83,0.5464,0.0843,20.32,✅ СРЕДНЯЯ,47.9,2026-03-17T10:32:18
Челси vs ПСЖ,Лига Чемпионов,2026-03-17,23:00,Тотал,Больше 2.5,0.5718,1.74,0.5747,0.0358,0.0,📌 НИЗКАЯ,23.5,2026-03-17T10:36:27
Ман Сити vs Реал Мадрид,Лига Чемпионов,2026-03-17,23:00,Фора 0,Гости (Ф0),0.6626,1.56,0.641,0.0665,0.0,📊 ИНФО,0.0,2026-03-17T10:39:39
Арсенал vs Байер,Лига Чемпионов,2026-03-17,23:00,Тотал,Больше 2.5,0.6012,1.79,0.5587,0.0785,18.05,✅ СРЕДНЯЯ,46.6,2026-03-17T10:42:36
Уотфорд vs Wrexham,Чемпионшип (Англия Д2),2026-03-17,22:45,Фора 0,Хозяева (Ф0),0.6787,1.57,0.6369,0.0863,0.0,📊 ИНФО,0.0,2026-03-17T10:45:33
Барселона vs Ньюкасл,Лига Чемпионов,2026-03-18,20:45,Фора 0,Хозяева (Ф0),0.7131,1.44,0.6944,0.0672,9.14,📌 НИЗКАЯ,44.2,2026-03-18T10:15:21
Барселона vs Ньюкасл,Лига Чемпионов,2026-03-18,20:45,Тотал,Больше 2.5,0.6285,1.61,0.6211,0.0467,2.93,📌 НИЗКАЯ,31.3,2026-03-18T10:15:21
Барселона vs Ньюкасл,Лига Чемпионов,2026-03-18,20:45,Исход,Победа хозяев (1),0.5543,1.88,0.5319,0.0569,7.17,📌 НИЗКАЯ,28.4,2026-03-18T10:15:21
Ливерпуль vs Галатасарай,Лига Чемпионов,2026-03-18,23:00,Тотал 1Т,Больше 1.5,0.512,2.06,0.4854,0.0605,7.74,📌 НИЗКАЯ,26.1,2026-03-18T10:19:30
Тоттенхэм vs Club Atlético de Madrid,Лига Чемпионов,2026-03-18,23:00,Тотал,Больше 2.5,0.6486,1.69,0.5917,0.0957,20.89,✅ СРЕДНЯЯ,55.6,2026-03-18T10:22:40
Bayern München vs Аталанта,Лига Чемпионов,2026-03-18,23:00,Фора 0,Хозяева (Ф0),0.7062,1.44,0.6944,0.0603,5.75,📌 НИЗКАЯ,41.6,2026-03-18T10:25:50
Bayern München vs Аталанта,Лига Чемпионов,2026-03-18,23:00,Тотал,Больше 2.5,0.5308,1.96,0.5102,0.0534,6.3,📌 НИЗКАЯ,25.5,2026-03-18T10:25:50
Bayern München vs Аталанта,Лига Чемпионов,2026-03-18,23:00,Исход,Победа хозяев (1),0.5342,1.93,0.5181,0.0506,5.0,📌 НИЗКАЯ,24.9,2026-03-18T10:25:50
SE Palmeiras vs Botafogo FR,Жюпиле Про Лига (Бельгия),2026-03-19,01:00,Исход,Ничья,0.2797,3.77,0.2653,0.0319,0.0,📊 ИНФО,0.0,2026-03-18T10:28:47
EC Bahia vs Брага,Жюпиле Про Лига (Бельгия),2026-03-19,01:00,Тотал,Меньше 3.5,0.6571,1.59,0.6289,0.069,11.39,📌 НИЗКАЯ,40.3,2026-03-18T10:31:44
EC Bahia vs Брага,Жюпиле Про Лига (Бельгия),2026-03-19,01:00,Двойной шанс,1X,0.6166,1.59,0.6289,0.0317,0.0,📌 НИЗКАЯ,25.8,2026-03-18T10:31:44
EC Bahia vs Брага,Жюпиле Про Лига (Бельгия),2026-03-19,01:00,Тотал 1Т,Меньше 1.5,0.5956,1.65,0.6061,0.0319,0.0,📌 НИЗКАЯ,24.2,2026-03-18T10:31:44
CA Paranaense vs Cruzeiro EC,Жюпиле Про Лига (Бельгия),2026-03-19,01:30,Фора 0,Хозяева (Ф0),0.7018,1.42,0.7042,0.0469,0.0,📌 НИЗКАЯ,37.2,2026-03-18T10:34:42
CA Mineiro vs São Paulo,Жюпиле Про Лига (Бельгия),2026-03-19,02:00,Тотал,Меньше 2.5,0.5264,1.96,0.5102,0.0491,0.0,📊 ИНФО,0.0,2026-03-18T10:37:39
Mirassol vs Coritiba FBC,Жюпиле Про Лига (Бельгия),2026-03-19,02:00,Тотал,Меньше 3.5,0.6731,1.49,0.6711,0.0466,0.91,📌 НИЗКАЯ,34.8,2026-03-18T10:40:36
Саутгемптон vs Норвич,Чемпионшип (Англия Д2),2026-03-18,22:45,Тотал,Больше 2.5,0.5488,2.3,0.4348,0.1416,0.0,📊 ИНФО,0.0,2026-03-18T10:43:33
CR Vasco da Gama vs Fluminense,Жюпиле Про Лига (Бельгия),2026-03-19,03:30,Исход,Ничья,0.3087,3.5,0.2857,0.0418,0.0,📊 ИНФО,0.0,2026-03-19T12:39:52
Santos vs Насьонал,Жюпиле Про Лига (Бельгия),2026-03-19,03:30,Тотал,Больше 3.5,0.3962,2.62,0.3817,0.0399,0.0,📊 ИНФО,0.0,2026-03-19T12:42:51
Grêmio FBPA vs EC Vitória,Жюпиле Про Лига (Бельгия),2026-03-20,01:00,Тотал,Меньше 3.5,0.6707,1.53,0.6536,0.059,9.23,📌 НИЗКАЯ,38.4,2026-03-19T12:45:48
CR Flamengo vs Clube do Remo,Жюпиле Про Лига (Бельгия),2026-03-20,02:00,Тотал,Меньше 3.5,0.7247,1.39,0.7194,0.0517,3.49,📌 НИЗКАЯ,40.5,2026-03-19T12:48:45
Борнмут vs Ман Юнайтед,Премьер-лига (Англия),2026-03-20,23:00,Фора 0,Хозяева (Ф0),0.6927,1.47,0.6803,0.06,7.28,📌 НИЗКАЯ,40.4,2026-03-20T01:31:49
Борнмут vs Ман Юнайтед,Премьер-лига (Англия),2026-03-20,23:00,Исход,Победа хозяев (1),0.5227,1.92,0.5208,0.0359,0.73,📌 НИЗКАЯ,19.6,2026-03-20T01:31:49
Ман Сити vs Кристал Пэлас,Премьер-лига (Англия),2026-03-21,03:00,Двойной шанс,1X,0.6589,1.65,0.6061,0.0952,25.13,✅ СРЕДНЯЯ,56.3,2026-03-20T01:34:46
Ман Сити vs Кристал Пэлас,Премьер-лига (Англия),2026-03-21,03:00,Фора 0,Хозяева (Ф0),0.5627,2.13,0.4695,0.1261,32.94,📌 НИЗКАЯ,47.0,2026-03-20T01:34:46
Ман Сити vs Кристал Пэлас,Премьер-лига (Англия),2026-03-21,03:00,Тотал,Больше 2.5,0.7028,1.43,0.6993,0.0482,2.19,📌 НИЗКАЯ,37.7,2026-03-20T01:34:46
Вильярреал vs Реал Сосьедад,Ла Лига (Испания),2026-03-20,23:00,Исход,Ничья,0.2747,3.86,0.2591,0.0323,0.0,📊 ИНФО,0.0,2026-03-20T01:37:51
Кальяри vs Наполи,Серия А (Италия),2026-03-20,20:30,Фора 0,Хозяева (Ф0),0.6202,1.64,0.6098,0.0531,5.0,📌 НИЗКАЯ,32.5,2026-03-20T01:40:48
Генуя vs Удинезе,Серия А (Италия),2026-03-20,22:45,Тотал,Больше 2.5,0.5369,1.97,0.5076,0.0622,11.16,📌 НИЗКАЯ,28.6,2026-03-20T01:43:45
РБ Лейпциг vs Хоффенхайм,Бундеслига (Германия),2026-03-20,22:30,Фора 0,Хозяева (Ф0),0.6873,1.46,0.6849,0.0503,0.0,📊 ИНФО,0.0,2026-03-20T01:46:53
Ланс vs Анже,Лига 1 (Франция),2026-03-20,22:45,Фора 0,Хозяева (Ф0),0.5626,1.82,0.5495,0.0516,0.0,📊 ИНФО,0.0,2026-03-20T01:49:50
Chapecoense AF vs SC Corinthians Paulista,Жюпиле Про Лига (Бельгия),2026-03-20,03:30,Тотал,Меньше 2.5,0.4878,2.14,0.4673,0.051,0.0,📊 ИНФО,0.0,2026-03-20T01:52:48
Борнмут vs Ман Юнайтед,Премьер-лига (Англия),2026-03-20,23:00,Фора 0,Хозяева (Ф0),0.7527,1.47,0.6803,0.1201,0.0,📊 ИНФО,0.0,2026-03-20T02:07:28
Ман Сити vs Кристал Пэлас,Премьер-лига (Англия),2026-03-21,03:00,Фора 0,Хозяева (Ф0),0.5402,2.13,0.4695,0.1035,24.98,📌 НИЗКАЯ,41.3,2026-03-20T02:10:27
Ман Сити vs Кристал Пэлас,Премьер-лига (Англия),2026-03-21,03:00,Двойной шанс,1X,0.633,1.65,0.6061,0.0694,12.83,📌 НИЗКАЯ,38.5,2026-03-20T02:10:27
Вильярреал vs Реал Сосьедад,Ла Лига (Испания),2026-03-20,23:00,Исход,Ничья,0.2747,3.86,0.2591,0.0323,0.0,📊 ИНФО,0.0,2026-03-20T02:13:25
Кальяри vs Наполи,Серия А (Италия),2026-03-20,20:30,Фора 0,Хозяева (Ф0),0.6777,1.64,0.6098,0.1106,0.0,📊 ИНФО,0.0,2026-03-20T02:16:22
Борнмут vs Ман Юнайтед,Премьер-лига (Англия),2026-03-20,23:00,Фора 0,Хозяева (Ф0),0.7527,1.47,0.6803,0.1201,0.0,📊 ИНФО,0.0,2026-03-20T12:29:35
Ман Сити vs Кристал Пэлас,Премьер-лига (Англия),2026-03-21,03:00,Фора 0,Хозяева (Ф0),0.5402,2.13,0.4695,0.1035,24.98,📌 НИЗКАЯ,41.3,2026-03-20T12:32:46
Ман Сити vs Кристал Пэлас,Премьер-лига (Англия),2026-03-21,03:00,Двойной шанс,1X,0.633,1.65,0.6061,0.0694,12.83,📌 НИЗКАЯ,38.5,2026-03-20T12:32:46
Вильярреал vs Реал Сосьедад,Ла Лига (Испания),2026-03-20,23:00,Исход,Ничья,0.2749,3.86,0.2591,0.0325,0.0,📊 ИНФО,0.0,2026-03-20T12:35:57
Кальяри vs Наполи,Серия А (Италия),2026-03-20,20:30,Фора 0,Хозяева (Ф0),0.6777,1.64,0.6098,0.1106,0.0,📊 ИНФО,0.0,2026-03-20T12:38:57
Генуя vs Удинезе,Серия А (Италия),2026-03-20,22:45,Тотал,Больше 2.5,0.5217,1.97,0.5076,0.0471,5.37,📌 НИЗКАЯ,22.9,2026-03-20T12:41:54
РБ Лейпциг vs Хоффенхайм,Бундеслига (Германия),2026-03-20,22:30,Фора 0,Хозяева (Ф0),0.6873,1.46,0.6849,0.0503,0.0,📊 ИНФО,0.0,2026-03-20T12:44:51
Ланс vs Анже,Лига 1 (Франция),2026-03-20,22:45,Фора 0,Хозяева (Ф0),0.5626,1.82,0.5495,0.0516,0.0,📊 ИНФО,0.0,2026-03-20T12:47:49
Борнмут vs Ман Юнайтед,Премьер-лига (Англия),2026-03-20,23:00,Фора 0,Хозяева (Ф0),0.7527,1.47,0.6803,0.1201,0.0,📊 ИНФО,0.0,2026-03-20T13:03:49
Борнмут vs Ман Юнайтед,Премьер-лига (Англия),2026-03-20,23:00,Фора 0,Хозяева (Ф0),0.7527,1.47,0.6803,0.1201,0.0,📊 ИНФО,0.0,2026-03-20T13:16:43
Борнмут vs Ман Юнайтед,Премьер-лига (Англия),2026-03-20,23:00,Фора 0,Хозяева (Ф0),0.7527,1.47,0.6803,0.1201,0.0,📊 ИНФО,0.0,2026-03-20T13:49:23
Ман Сити vs Кристал Пэлас,Премьер-лига (Англия),2026-03-21,03:00,Фора 0,Хозяева (Ф0),0.5402,2.13,0.4695,0.1035,24.98,📌 НИЗКАЯ,41.3,2026-03-20T13:51:44
Ман Сити vs Кристал Пэлас,Премьер-лига (Англия),2026-03-21,03:00,Угловые хозяев,Больше 4.5,0.5636,1.97,0.5076,0.0916,21.33,📌 НИЗКАЯ,39.6,2026-03-20T13:51:44
Ман Сити vs Кристал Пэлас,Премьер-лига (Англия),2026-03-21,03:00,Двойной шанс,1X,0.633,1.65,0.6061,0.0694,12.83,📌 НИЗКАЯ,38.5,2026-03-20T13:51:44
Ман Сити vs Кристал Пэлас,Премьер-лига (Англия),2026-03-21,03:00,Угловые,Больше 9.5,0.581,1.72,0.5814,0.0403,0.0,📌 НИЗКАЯ,25.6,2026-03-20T13:51:44
Вильярреал vs Реал Сосьедад,Ла Лига (Испания),2026-03-20,23:00,Исход,Ничья,0.2749,3.86,0.2591,0.0325,0.0,📊 ИНФО,0.0,2026-03-20T13:54:01
Кальяри vs Наполи,Серия А (Италия),2026-03-20,20:30,Фора 0,Хозяева (Ф0),0.6777,1.64,0.6098,0.1106,0.0,📊 ИНФО,0.0,2026-03-20T13:56:18
Генуя vs Удинезе,Серия А (Италия),2026-03-20,22:45,Тотал,Больше 2.5,0.5217,1.97,0.5076,0.0471,5.37,📌 НИЗКАЯ,22.9,2026-03-20T13:58:43
РБ Лейпциг vs Хоффенхайм,Бундеслига (Германия),2026-03-20,22:30,Фора 0,Хозяева (Ф0),0.6873,1.46,0.6849,0.0503,0.0,📊 ИНФО,0.0,2026-03-20T14:01:10
Ланс vs Анже,Лига 1 (Франция),2026-03-20,22:45,Фора 0,Хозяева (Ф0),0.5626,1.82,0.5495,0.0516,0.0,📊 ИНФО,0.0,2026-03-20T14:03:53
Chapecoense AF vs SC Corinthians Paulista,Жюпиле Про Лига (Бельгия),2026-03-20,03:30,Тотал,Меньше 2.5,0.4878,2.14,0.4673,0.051,0.0,📊 ИНФО,0.0,2026-03-20T14:06:11
Престон vs Сток,Чемпионшип (Англия Д2),2026-03-20,23:00,Тотал,Больше 3.5,0.5513,2.72,0.3676,0.2083,0.0,📊 ИНФО,0.0,2026-03-20T14:08:28
Ман Сити vs Кристал Пэлас,Премьер-лига (Англия),2026-03-21,03:00,Фора 0,Хозяева (Ф0),0.5402,2.13,0.4695,0.1035,21.98,📌 НИЗКАЯ,41.3,2026-03-21T10:40:33
Ман Сити vs Кристал Пэлас,Премьер-лига (Англия),2026-03-21,03:00,Угловые хозяев,Больше 4.5,0.5636,1.97,0.5076,0.0916,18.77,📌 НИЗКАЯ,39.6,2026-03-21T10:40:33
Ман Сити vs Кристал Пэлас,Премьер-лига (Англия),2026-03-21,03:00,Двойной шанс,1X,0.633,1.65,0.6061,0.0694,11.29,📌 НИЗКАЯ,38.5,2026-03-21T10:40:33
Ман Сити vs Кристал Пэлас,Премьер-лига (Англия),2026-03-21,03:00,Угловые,Больше 9.5,0.581,1.72,0.5814,0.0403,0.0,📌 НИЗКАЯ,25.6,2026-03-21T10:40:33
Брайтон vs Ливерпуль,Премьер-лига (Англия),2026-03-21,15:30,Угловые,Больше 8.5,0.6157,1.63,0.6135,0.0451,0.93,📌 НИЗКАЯ,29.8,2026-03-21T10:42:55
Брайтон vs Ливерпуль,Премьер-лига (Англия),2026-03-21,15:30,Тотал,Больше 2.5,0.6107,1.63,0.6135,0.0385,0.0,📌 НИЗКАЯ,27.4,2026-03-21T10:42:55
Брайтон vs Ливерпуль,Премьер-лига (Англия),2026-03-21,15:30,Обе забьют,Да,0.6208,1.59,0.6289,0.0358,0.0,📌 НИЗКАЯ,27.4,2026-03-21T10:42:55
Фулхэм vs Бёрнли,Премьер-лига (Англия),2026-03-21,18:00,Фора 0,Хозяева (Ф0),0.7359,1.43,0.6993,0.0856,0.0,📊 ИНФО,0.0,2026-03-21T10:45:18
Эвертон vs Челси,Премьер-лига (Англия),2026-03-21,20:30,Фора 0,Гости (Ф0),0.5071,2.07,0.4831,0.0578,0.0,📊 ИНФО,0.0,2026-03-21T10:47:40
Лидс vs Брентфорд,Премьер-лига (Англия),2026-03-21,23:00,Угловые,Больше 8.5,0.5599,1.83,0.5464,0.0517,4.89,📌 НИЗКАЯ,27.3,2026-03-21T10:50:03
Лидс vs Брентфорд,Премьер-лига (Англия),2026-03-21,23:00,Тотал,Больше 2.5,0.5629,1.8,0.5556,0.0442,2.73,📌 НИЗКАЯ,25.3,2026-03-21T10:50:03
Лидс vs Брентфорд,Премьер-лига (Англия),2026-03-21,23:00,Обе забьют,Да,0.5878,1.68,0.5952,0.0343,0.0,📌 НИЗКАЯ,24.3,2026-03-21T10:50:03
Elche CF vs Мальорка,Ла Лига (Испания),2026-03-21,16:00,Тотал,Больше 1.5,0.8149,1.21,0.8264,0.0402,0.0,📊 ИНФО,0.0,2026-03-21T10:52:26
Барселона vs Хетафе,Ла Лига (Испания),2026-03-21,18:15,Тотал,Больше 2.5,0.5671,1.9,0.5263,0.0752,14.22,📌 НИЗКАЯ,34.9,2026-03-21T10:54:49
Барселона vs Хетафе,Ла Лига (Испания),2026-03-21,18:15,Угловые хозяев,Больше 4.5,0.5349,2.01,0.4975,0.0723,12.29,📌 НИЗКАЯ,31.5,2026-03-21T10:54:49
Барселона vs Хетафе,Ла Лига (Испания),2026-03-21,18:15,Обе забьют,Да,0.54,1.91,0.5236,0.053,5.68,📌 НИЗКАЯ,26.1,2026-03-21T10:54:49
Осасуна vs Жирона,Ла Лига (Испания),2026-03-21,20:30,Фора 0,Хозяева (Ф0),0.6977,1.46,0.6849,0.0608,0.0,📊 ИНФО,0.0,2026-03-21T10:57:23
Levante UD vs Реал Овьедо,Ла Лига (Испания),2026-03-21,20:30,Фора 0,Хозяева (Ф0),0.6158,1.8,0.5556,0.0991,22.36,✅ СРЕДНЯЯ,54.0,2026-03-21T10:59:45
Levante UD vs Реал Овьедо,Ла Лига (Испания),2026-03-21,20:30,Двойной шанс,1X,0.6876,1.51,0.6623,0.0717,12.41,✅ СРЕДНЯЯ,51.5,2026-03-21T10:59:45
Levante UD vs Реал Овьедо,Ла Лига (Испания),2026-03-21,20:30,Угловые хозяев,Больше 4.5,0.5838,1.7,0.5882,0.0367,0.0,📌 НИЗКАЯ,24.7,2026-03-21T10:59:45
Севилья vs Валенсия,Ла Лига (Испания),2026-03-21,23:00,Фора 0,Хозяева (Ф0),0.692,1.51,0.6623,0.0761,0.0,📊 ИНФО,0.0,2026-03-21T11:02:07
Парма vs Кремонезе,Серия А (Италия),2026-03-21,17:00,Фора 0,Хозяева (Ф0),0.6747,1.64,0.6098,0.1076,0.0,📊 ИНФО,0.0,2026-03-21T11:04:29
Милан vs Торино,Серия А (Италия),2026-03-21,20:00,Фора 0,Хозяева (Ф0),0.6934,1.51,0.6623,0.0775,0.0,📊 ИНФО,0.0,2026-03-21T11:06:52
Ювентус vs Сассуоло,Серия А (Италия),2026-03-21,22:45,Фора 0,Хозяева (Ф0),0.6894,1.48,0.6757,0.061,0.0,📊 ИНФО,0.0,2026-03-21T11:09:13
Вольфсбург vs Вердер,Бундеслига (Германия),2026-03-21,17:30,Фора 0,Хозяева (Ф0),0.6872,1.51,0.6623,0.0713,0.0,📊 ИНФО,0.0,2026-03-21T11:11:36
Bayern München vs Унион Берлин,Бундеслига (Германия),2026-03-21,17:30,Угловые хозяев,Больше 5.5,0.548,1.84,0.5435,0.0425,1.62,📌 НИЗКАЯ,23.6,2026-03-21T11:13:57
1. Köln vs Боруссия М,Бундеслига (Германия),2026-03-21,17:30,Фора 0,Хозяева (Ф0),0.623,1.69,0.5917,0.0727,12.66,✅ СРЕДНЯЯ,46.6,2026-03-21T11:16:22
1. Köln vs Боруссия М,Бундеслига (Германия),2026-03-21,17:30,Двойной шанс,1X,0.7082,1.4,0.7143,0.044,0.0,📌 НИЗКАЯ,36.9,2026-03-21T11:16:22
1. Köln vs Боруссия М,Бундеслига (Германия),2026-03-21,17:30,Угловые хозяев,Больше 4.5,0.5289,2.04,0.4902,0.073,12.53,📌 НИЗКАЯ,31.2,2026-03-21T11:16:22
Хайденхайм vs Байер,Бундеслига (Германия),2026-03-21,17:30,Тотал,Больше 3.5,0.3822,2.98,0.3356,0.0688,0.0,📊 ИНФО,0.0,2026-03-21T11:18:44
Боруссия Д vs Гамбург,Бундеслига (Германия),2026-03-21,20:30,Тотал,Больше 1.5,0.8272,1.16,0.8621,0.0212,0.0,📊 ИНФО,0.0,2026-03-21T11:21:10
Тулуза vs Лорьян,Лига 1 (Франция),2026-03-21,19:00,Фора 0,Хозяева (Ф0),0.6895,1.57,0.6369,0.0971,0.0,📊 ИНФО,0.0,2026-03-21T11:23:32
Осер vs Брест,Лига 1 (Франция),2026-03-21,21:00,Тотал,Меньше 2.5,0.5079,2.03,0.4926,0.0478,0.0,📊 ИНФО,0.0,2026-03-21T11:25:55
Ницца vs ПСЖ,Лига 1 (Франция),2026-03-21,23:05,Фора 0,Гости (Ф0),0.4708,2.39,0.4184,0.0817,0.0,📊 ИНФО,0.0,2026-03-21T11:28:17
Брага vs Botafogo FR,Жюпиле Про Лига (Бельгия),2026-03-21,22:00,Фора 0,Хозяева (Ф0),0.8664,1.21,0.8264,0.0978,0.0,📊 ИНФО,0.0,2026-03-21T11:30:45
Fluminense vs CA Mineiro,Жюпиле Про Лига (Бельгия),2026-03-22,00:30,Фора 0,Хозяева (Ф0),0.7121,1.39,0.7194,0.043,0.0,📌 НИЗКАЯ,36.9,2026-03-21T11:33:07
Fluminense vs CA Mineiro,Жюпиле Про Лига (Бельгия),2026-03-22,00:30,Угловые хозяев,Больше 4.5,0.6118,1.65,0.6061,0.0482,2.41,📌 НИЗКАЯ,30.4,2026-03-21T11:33:07
Fluminense vs CA Mineiro,Жюпиле Про Лига (Бельгия),2026-03-22,00:30,Исход,Победа хозяев (1),0.5606,1.79,0.5587,0.0381,0.71,📌 НИЗКАЯ,23.3,2026-03-21T11:33:07
São Paulo vs SE Palmeiras,Жюпиле Про Лига (Бельгия),2026-03-22,03:00,Фора 0,Хозяева (Ф0),0.7464,1.38,0.7246,0.0725,0.0,📊 ИНФО,0.0,2026-03-21T11:35:28
Дерби vs Бирмингем,Чемпионшип (Англия Д2),2026-03-21,15:30,Тотал,Больше 3.5,0.5402,2.82,0.3546,0.2084,0.0,📊 ИНФО,0.0,2026-03-21T11:37:50
Ипсвич vs Миллуолл,Чемпионшип (Англия Д2),2026-03-21,15:30,Тотал,Больше 2.5,0.5495,2.21,0.4525,0.1265,29.24,📌 НИЗКАЯ,46.0,2026-03-21T11:40:12
Ипсвич vs Миллуолл,Чемпионшип (Англия Д2),2026-03-21,15:30,Обе забьют,Да,0.5699,1.96,0.5102,0.0954,20.1,📌 НИЗКАЯ,41.2,2026-03-21T11:40:12
Блэкберн vs Мидлсбро,Чемпионшип (Англия Д2),2026-03-21,15:30,Угловые,Больше 8.5,0.5698,1.99,0.5025,0.1025,22.32,📌 НИЗКАЯ,43.3,2026-03-21T11:42:35
Блэкберн vs Мидлсбро,Чемпионшип (Англия Д2),2026-03-21,15:30,Угловые хозяев,Больше 4.5,0.5702,1.97,0.5076,0.0981,20.98,📌 НИЗКАЯ,42.0,2026-03-21T11:42:35
Бристоль vs Вест Бромвич,Чемпионшип (Англия Д2),2026-03-21,18:00,Тотал,Больше 2.5,0.599,1.87,0.5348,0.099,22.79,✅ СРЕДНЯЯ,52.6,2026-03-21T11:44:59
Бристоль vs Вест Бромвич,Чемпионшип (Англия Д2),2026-03-21,18:00,Угловые,Больше 8.5,0.5684,2.04,0.4902,0.1125,25.3,📌 НИЗКАЯ,46.2,2026-03-21T11:44:59
Бристоль vs Вест Бромвич,Чемпионшип (Англия Д2),2026-03-21,18:00,Угловые хозяев,Больше 4.5,0.5572,2.09,0.4785,0.1122,24.91,📌 НИЗКАЯ,45.2,2026-03-21T11:44:59
Шеффилд Юнайтед vs Wrexham,Чемпионшип (Англия Д2),2026-03-21,18:00,Угловые,Больше 8.5,0.6045,1.83,0.5464,0.0963,21.12,✅ СРЕДНЯЯ,52.2,2026-03-21T11:47:21
Шеффилд Юнайтед vs Wrexham,Чемпионшип (Англия Д2),2026-03-21,18:00,Угловые хозяев,Больше 4.5,0.5702,1.97,0.5076,0.0981,20.98,📌 НИЗКАЯ,42.0,2026-03-21T11:47:21
Саутгемптон vs Оксфорд,Чемпионшип (Англия Д2),2026-03-21,18:00,Тотал,Больше 2.5,0.5353,2.3,0.4348,0.1281,29.35,📌 НИЗКАЯ,44.8,2026-03-21T11:49:43
Халл vs Шеффилд Уэнсдей,Чемпионшип (Англия Д2),2026-03-21,18:00,Тотал,Больше 3.5,0.5402,2.72,0.3676,0.1972,0.0,📊 ИНФО,0.0,2026-03-21T11:52:05
КПР vs Портсмут,Чемпионшип (Англия Д2),2026-03-21,18:00,Фора 0,Хозяева (Ф0),0.779,1.51,0.6623,0.1631,0.0,📊 ИНФО,0.0,2026-03-21T11:54:28
Charlton Athletic vs Норвич,Чемпионшип (Англия Д2),2026-03-21,18:00,Фора 0,Хозяева (Ф0),0.7282,1.58,0.6329,0.1396,0.0,📊 ИНФО,0.0,2026-03-21T11:57:10
Уотфорд vs Лестер,Чемпионшип (Англия Д2),2026-03-21,18:00,Угловые,Больше 8.5,0.5439,2.18,0.4587,0.1173,25.96,📌 НИЗКАЯ,45.5,2026-03-21T11:59:32
Уотфорд vs Лестер,Чемпионшип (Англия Д2),2026-03-21,18:00,Угловые хозяев,Больше 4.5,0.5572,2.09,0.4785,0.1122,24.91,📌 НИЗКАЯ,45.2,2026-03-21T11:59:32
Уотфорд vs Лестер,Чемпионшип (Англия Д2),2026-03-21,18:00,Тотал,Больше 2.5,0.5784,1.97,0.5076,0.1038,23.73,📌 НИЗКАЯ,44.4,2026-03-21T11:59:32
Суонси vs Ковентри,Чемпионшип (Англия Д2),2026-03-21,20:15,Тотал,Больше 3.5,0.5513,2.72,0.3676,0.2083,0.0,📊 ИНФО,0.0,2026-03-21T12:01:55
Ньюкасл vs Сандерленд,Премьер-лига (Англия),2026-03-22,15:00,Тотал,Больше 1.5,0.7593,1.3,0.7692,0.0401,0.0,📌 НИЗКАЯ,39.0,2026-03-22T11:45:20
Ньюкасл vs Сандерленд,Премьер-лига (Англия),2026-03-22,15:00,Угловые,Больше 8.5,0.532,2.06,0.4854,0.0806,10.19,📌 НИЗКАЯ,33.7,2026-03-22T11:45:20
Ньюкасл vs Сандерленд,Премьер-лига (Англия),2026-03-22,15:00,Тотал,Больше 2.5,0.5345,2.01,0.4975,0.0705,8.28,📌 НИЗКАЯ,30.9,2026-03-22T11:45:20
Ньюкасл vs Сандерленд,Премьер-лига (Англия),2026-03-22,15:00,Обе забьют,Да,0.5539,1.86,0.5376,0.0539,3.97,📌 НИЗКАЯ,27.5,2026-03-22T11:45:20
Астон Вилла vs Вест Хэм,Премьер-лига (Англия),2026-03-22,17:15,Фора 0,Хозяева (Ф0),0.565,1.87,0.5348,0.0677,0.0,📊 ИНФО,0.0,2026-03-22T11:47:43
Тоттенхэм vs Ноттингем,Премьер-лига (Англия),2026-03-22,17:15,Угловые,Больше 8.5,0.6635,1.55,0.6452,0.0635,5.83,📌 НИЗКАЯ,39.1,2026-03-22T11:50:10
Тоттенхэм vs Ноттингем,Премьер-лига (Англия),2026-03-22,17:15,Угловые хозяев,Больше 4.5,0.5774,1.87,0.5348,0.0801,10.31,📌 НИЗКАЯ,37.2,2026-03-22T11:50:10
Тоттенхэм vs Ноттингем,Премьер-лига (Англия),2026-03-22,17:15,Тотал,Больше 2.5,0.6537,1.57,0.6369,0.0583,5.19,📌 НИЗКАЯ,36.8,2026-03-22T11:50:10
Тоттенхэм vs Ноттингем,Премьер-лига (Англия),2026-03-22,17:15,Угловые,Больше 9.5,0.5554,1.96,0.5102,0.081,10.39,📌 НИЗКАЯ,35.7,2026-03-22T11:50:10
Тоттенхэм vs Ноттингем,Премьер-лига (Англия),2026-03-22,17:15,Обе забьют,Да,0.6503,1.52,0.6579,0.0385,0.0,📌 НИЗКАЯ,30.6,2026-03-22T11:50:10
Тоттенхэм vs Ноттингем,Премьер-лига (Англия),2026-03-22,17:15,Фора 0,Хозяева (Ф0),0.5929,1.67,0.5988,0.0361,0.0,📌 НИЗКАЯ,25.3,2026-03-22T11:50:10
Барселона vs Райо Вальекано,Ла Лига (Испания),2026-03-22,16:00,Тотал,Больше 2.5,0.649,1.53,0.6536,0.0373,0.0,📌 НИЗКАЯ,30.1,2026-03-22T11:52:33
Барселона vs Райо Вальекано,Ла Лига (Испания),2026-03-22,16:00,Угловые хозяев,Больше 4.5,0.5727,1.8,0.5556,0.0561,4.35,📌 НИЗКАЯ,29.6,2026-03-22T11:52:33
Барселона vs Райо Вальекано,Ла Лига (Испания),2026-03-22,16:00,Угловые,Больше 8.5,0.579,1.75,0.5714,0.0476,1.99,📌 НИЗКАЯ,27.6,2026-03-22T11:52:33
Сельта vs Deportivo Alavés,Ла Лига (Испания),2026-03-22,18:15,Тотал,Больше 2.5,0.5647,1.79,0.5587,0.0433,1.54,📌 НИЗКАЯ,25.2,2026-03-22T11:54:56
Сельта vs Deportivo Alavés,Ла Лига (Испания),2026-03-22,18:15,Обе забьют,Да,0.5687,1.75,0.5714,0.0373,0.0,📌 НИЗКАЯ,23.7,2026-03-22T11:54:56
Атлетик Бильбао vs Бетис,Ла Лига (Испания),2026-03-22,20:30,Фора 0,Хозяева (Ф0),0.7018,1.51,0.6623,0.0859,0.0,📊 ИНФО,0.0,2026-03-22T11:57:19
Реал Мадрид vs Club Atlético de Madrid,Ла Лига (Испания),2026-03-22,23:00,Фора 0,Хозяева (Ф0),0.7903,1.27,0.7874,0.058,0.0,📊 ИНФО,0.0,2026-03-22T11:59:41
Комо vs Пиза,Серия А (Италия),2026-03-22,14:30,Тотал,Больше 3.5,0.4201,2.69,0.3717,0.073,0.0,📊 ИНФО,0.0,2026-03-22T12:02:04
Аталанта vs Верона,Серия А (Италия),2026-03-22,17:00,Исход,Победа хозяев (1),0.5367,1.91,0.5236,0.0472,3.1,📌 НИЗКАЯ,29.1,2026-03-22T12:04:26
Болонья vs Лацио,Серия А (Италия),2026-03-22,17:00,Исход,Победа хозяев (1),0.5183,2.01,0.4975,0.0533,4.65,📌 НИЗКАЯ,24.5,2026-03-22T12:06:48
Рома vs Лечче,Серия А (Италия),2026-03-22,20:00,Исход,Ничья,0.2526,4.39,0.2278,0.0396,0.0,📊 ИНФО,0.0,2026-03-22T12:09:11
Фиорентина vs Интер,Серия А (Италия),2026-03-22,22:45,Тотал,Больше 2.5,0.6397,1.61,0.6211,0.0601,5.52,📌 НИЗКАЯ,36.2,2026-03-22T12:11:33
Майнц vs Айнтрахт,Бундеслига (Германия),2026-03-22,17:30,Фора 0,Хозяева (Ф0),0.6802,1.54,0.6494,0.0763,0.0,📊 ИНФО,0.0,2026-03-22T12:13:55
Санкт-Паули vs Фрайбург,Бундеслига (Германия),2026-03-22,19:30,Фора 0,Хозяева (Ф0),0.7031,1.4,0.7143,0.0388,0.0,📊 ИНФО,0.0,2026-03-22T12:16:18
Аугсбург vs Штутгарт,Бундеслига (Германия),2026-03-22,21:30,Фора 0,Хозяева (Ф0),0.6759,1.52,0.6579,0.0641,0.0,📊 ИНФО,0.0,2026-03-22T12:18:59
Лион vs Монако,Лига 1 (Франция),2026-03-22,17:00,Фора 0,Хозяева (Ф0),0.6895,1.51,0.6623,0.0736,0.0,📊 ИНФО,0.0,2026-03-22T12:21:22
Марсель vs Лилль,Лига 1 (Франция),2026-03-22,19:15,Фора 0,Хозяева (Ф0),0.6375,1.7,0.5882,0.0904,0.0,📊 ИНФО,0.0,2026-03-22T12:23:44
ПСЖ vs Гавр,Лига 1 (Франция),2026-03-22,19:15,Фора 0,Хозяева (Ф0),0.6264,1.75,0.5714,0.095,14.43,✅ СРЕДНЯЯ,53.6,2026-03-22T12:26:06
Ренн vs Мец,Лига 1 (Франция),2026-03-22,19:15,Фора 0,Хозяева (Ф0),0.7153,1.47,0.6803,0.0827,0.0,📊 ИНФО,0.0,2026-03-22T12:28:29
Нант vs Страсбур,Лига 1 (Франция),2026-03-22,22:45,Фора 0,Хозяева (Ф0),0.6897,1.54,0.6494,0.0858,0.0,📊 ИНФО,0.0,2026-03-22T12:30:51
São Paulo vs SE Palmeiras,Жюпиле Про Лига (Бельгия),2026-03-22,03:00,Фора 0,Хозяева (Ф0),0.7464,1.38,0.7246,0.0725,0.0,📊 ИНФО,0.0,2026-03-22T12:33:13
Clube do Remo vs EC Bahia,Жюпиле Про Лига (Бельгия),2026-03-22,22:00,Исход,Победа хозяев (1),0.5117,1.96,0.5102,0.0344,0.34,📌 НИЗКАЯ,18.3,2026-03-22T12:35:40
CA Paranaense vs Coritiba FBC,Жюпиле Про Лига (Бельгия),2026-03-22,22:00,Угловые,Меньше 11.5,0.7114,1.39,0.7194,0.0423,0.0,📌 НИЗКАЯ,36.6,2026-03-22T12:38:02
CA Paranaense vs Coritiba FBC,Жюпиле Про Лига (Бельгия),2026-03-22,22:00,Угловые,Меньше 10.5,0.613,1.67,0.5988,0.0561,3.98,📌 НИЗКАЯ,32.9,2026-03-22T12:38:02
CA Paranaense vs Coritiba FBC,Жюпиле Про Лига (Бельгия),2026-03-22,22:00,Тотал,Меньше 3.5,0.5927,1.72,0.5814,0.0501,3.03,📌 НИЗКАЯ,29.4,2026-03-22T12:38:02
CA Paranaense vs Coritiba FBC,Жюпиле Про Лига (Бельгия),2026-03-22,22:00,Двойной шанс,X2,0.5822,1.7,0.5882,0.0352,0.0,📌 НИЗКАЯ,24.1,2026-03-22T12:38:02
Cruzeiro EC vs Santos,Жюпиле Про Лига (Бельгия),2026-03-22,22:00,Угловые,Больше 8.5,0.5922,1.79,0.5587,0.0726,8.54,✅ СРЕДНЯЯ,44.2,2026-03-22T12:40:26
Cruzeiro EC vs Santos,Жюпиле Про Лига (Бельгия),2026-03-22,22:00,Тотал,Больше 2.5,0.5985,1.74,0.5747,0.0624,6.28,📌 НИЗКАЯ,33.6,2026-03-22T12:40:26
Cruzeiro EC vs Santos,Жюпиле Про Лига (Бельгия),2026-03-22,22:00,Обе забьют,Да,0.6158,1.64,0.6098,0.0487,1.75,📌 НИЗКАЯ,30.9,2026-03-22T12:40:26
CR Vasco da Gama vs Grêmio FBPA,Жюпиле Про Лига (Бельгия),2026-03-22,22:00,Угловые,Больше 8.5,0.637,1.63,0.6135,0.0665,6.85,📌 НИЗКАЯ,37.9,2026-03-22T12:42:48
CR Vasco da Gama vs Grêmio FBPA,Жюпиле Про Лига (Бельгия),2026-03-22,22:00,Тотал,Больше 2.5,0.639,1.61,0.6211,0.0582,5.3,📌 НИЗКАЯ,35.6,2026-03-22T12:42:48
CR Vasco da Gama vs Grêmio FBPA,Жюпиле Про Лига (Бельгия),2026-03-22,22:00,Угловые,Больше 9.5,0.5289,2.08,0.4808,0.0817,10.42,📌 НИЗКАЯ,33.8,2026-03-22T12:42:48
CR Vasco da Gama vs Grêmio FBPA,Жюпиле Про Лига (Бельгия),2026-03-22,22:00,Угловые хозяев,Больше 4.5,0.5582,1.89,0.5291,0.0662,6.96,📌 НИЗКАЯ,31.5,2026-03-22T12:42:48
CR Vasco da Gama vs Grêmio FBPA,Жюпиле Про Лига (Бельгия),2026-03-22,22:00,Обе забьют,Да,0.6414,1.55,0.6452,0.0414,0.0,📌 НИЗКАЯ,30.7,2026-03-22T12:42:48
Насьонал vs Chapecoense AF,Жюпиле Про Лига (Бельгия),2026-03-23,00:30,Угловые,Больше 8.5,0.6137,1.71,0.5848,0.0699,7.84,📌 НИЗКАЯ,37.1,2026-03-22T12:45:13
Насьонал vs Chapecoense AF,Жюпиле Про Лига (Бельгия),2026-03-23,00:30,Тотал,Больше 2.5,0.6224,1.67,0.5988,0.0619,6.61,📌 НИЗКАЯ,35.4,2026-03-22T12:45:13
Насьонал vs Chapecoense AF,Жюпиле Про Лига (Бельгия),2026-03-23,00:30,Угловые хозяев,Больше 4.5,0.62,1.66,0.6024,0.0597,4.97,📌 НИЗКАЯ,34.5,2026-03-22T12:45:13
Насьонал vs Chapecoense AF,Жюпиле Про Лига (Бельгия),2026-03-23,00:30,Обе забьют,Да,0.5912,1.69,0.5917,0.0409,0.0,📌 НИЗКАЯ,26.6,2026-03-22T12:45:13
EC Vitória vs Mirassol,Жюпиле Про Лига (Бельгия),2026-03-23,00:30,Фора 0,Гости (Ф0),0.5068,2.04,0.4902,0.051,0.0,📊 ИНФО,0.0,2026-03-22T12:47:35
SC Corinthians Paulista vs CR Flamengo,Жюпиле Про Лига (Бельгия),2026-03-23,02:30,Обе забьют,Да,0.5341,1.88,0.5319,0.0394,0.51,📌 НИЗКАЯ,21.5,2026-03-22T12:49:57
CA Paranaense vs Botafogo FR,Жюпиле Про Лига (Бельгия),2026-03-30,01:30,Исход,Победа хозяев,0.6896,1.69,0.5917,0.1366,0.0,📊 ИНФО,0.0,2026-03-29T23:22:08
Botafogo FR vs Mirassol,Жюпиле Про Лига (Бельгия),2026-04-02,01:30,Фора 0,Хозяева (Ф0),0.6524,1.76,0.5682,0.1239,0.0,📊 ИНФО,0.0,2026-04-01T14:55:28
Насьонал vs São Paulo,Жюпиле Про Лига (Бельгия),2026-04-02,01:30,Тотал,Больше 3.5,0.5104,2.38,0.4202,0.1176,0.0,📊 ИНФО,0.0,2026-04-01T14:58:40
Cruzeiro EC vs EC Vitória,Жюпиле Про Лига (Бельгия),2026-04-02,02:00,Фора 0,Хозяева (Ф0),0.6456,1.92,0.5208,0.1612,0.0,📊 ИНФО,0.0,2026-04-01T15:01:18
EC Bahia vs CA Paranaense,Жюпиле Про Лига (Бельгия),2026-04-02,02:00,Фора 0,Хозяева (Ф0),0.6614,1.89,0.5291,0.1693,0.0,📊 ИНФО,0.0,2026-04-01T15:03:42
Coritiba FBC vs CR Vasco da Gama,Жюпиле Про Лига (Бельгия),2026-04-02,02:30,Фора 0,Хозяева (Ф0),0.6081,1.8,0.5556,0.0914,0.0,📊 ИНФО,0.0,2026-04-01T15:06:04
Fluminense vs SC Corinthians Paulista,Жюпиле Про Лига (Бельгия),2026-04-02,03:30,Тотал,Больше 3.5,0.5045,2.72,0.3676,0.1615,0.0,📊 ИНФО,0.0,2026-04-02T00:17:02
Chapecoense AF vs CA Mineiro,Жюпиле Про Лига (Бельгия),2026-04-03,01:00,Тотал,Больше 3.5,0.5128,2.42,0.4132,0.127,0.0,📊 ИНФО,0.0,2026-04-02T00:19:25
Santos vs Clube do Remo,Жюпиле Про Лига (Бельгия),2026-04-03,01:00,Тотал,Больше 2.5,0.5042,2.15,0.4651,0.07,0.0,📊 ИНФО,0.0,2026-04-02T00:21:48
Райо Вальекано vs Elche CF,Ла Лига (Испания),2026-04-03,22:00,Тотал,Больше 2.5,0.6982,1.85,0.5405,0.1714,0.0,📊 ИНФО,0.0,2026-04-03T12:21:21
Райо Вальекано vs Elche CF,Ла Лига (Испания),2026-04-03,22:00,Тотал,Больше 2.5,0.6982,1.87,0.5348,0.1765,0.0,📊 ИНФО,0.0,2026-04-03T16:33:12
Райо Вальекано vs Elche CF,Ла Лига (Испания),2026-04-03,22:00,Тотал,Больше 2.5,0.6982,1.88,0.5319,0.1803,0.0,📊 ИНФО,0.0,2026-04-03T17:22:49
ПСЖ vs Тулуза,Лига 1 (Франция),2026-04-03,21:45,Тотал,Больше 3.5,0.4988,3.09,0.3236,0.1963,0.0,📊 ИНФО,0.0,2026-04-03T17:25:17
Брага vs CR Flamengo,Жюпиле Про Лига (Бельгия),2026-04-03,03:30,Тотал,Больше 3.5,0.4397,2.56,0.3906,0.075,0.0,📊 ИНФО,0.0,2026-04-03T17:27:40
SE Palmeiras vs Grêmio FBPA,Жюпиле Про Лига (Бельгия),2026-04-03,03:30,Тотал,Больше 3.5,0.423,2.77,0.361,0.0857,0.0,📊 ИНФО,0.0,2026-04-03T17:30:03
Мидлсбро vs Миллуолл,Чемпионшип (Англия Д2),2026-04-03,14:30,Тотал,Больше 3.5,0.5402,2.72,0.3676,0.1972,0.0,📊 ИНФО,0.0,2026-04-03T17:32:25
Шеффилд Юнайтед vs Суонси,Чемпионшип (Англия Д2),2026-04-03,17:00,Тотал,Больше 3.5,0.5514,2.58,0.3876,0.19,0.0,📊 ИНФО,0.0,2026-04-03T17:34:48
Бирмингем vs Блэкберн,Чемпионшип (Англия Д2),2026-04-03,17:00,Тотал,Больше 3.5,0.5307,1.88,0.5319,0.0333,0.0,📊 ИНФО,0.0,2026-04-03T17:37:11
Вест Бромвич vs Wrexham,Чемпионшип (Англия Д2),2026-04-03,17:00,Тотал,Больше 3.5,0.5548,3.24,0.3086,0.2669,0.0,📊 ИНФО,0.0,2026-04-03T17:39:34
Оксфорд vs Халл,Чемпионшип (Англия Д2),2026-04-03,17:00,Тотал,Больше 3.5,0.4721,3.22,0.3106,0.1814,0.0,📊 ИНФО,0.0,2026-04-03T17:41:57
Лестер vs Престон,Чемпионшип (Англия Д2),2026-04-03,17:00,Тотал,Больше 3.5,0.563,3.41,0.2933,0.2885,0.0,📊 ИНФО,0.0,2026-04-03T17:45:00
Сток vs Шеффилд Уэнсдей,Чемпионшип (Англия Д2),2026-04-03,17:00,Тотал,Больше 3.5,0.5513,2.72,0.3676,0.2083,0.0,📊 ИНФО,0.0,2026-04-03T17:47:23
Норвич vs Портсмут,Чемпионшип (Англия Д2),2026-04-03,17:00,Тотал,Больше 3.5,0.5513,2.72,0.3676,0.2083,0.0,📊 ИНФО,0.0,2026-04-03T17:49:46
Реал Сосьедад vs Levante UD,Ла Лига (Испания),2026-04-04,15:00,Исход,Победа гостей,0.1846,5.81,0.1721,0.0188,0.0,📊 ИНФО,0.0,2026-04-04T01:06:31
Мальорка vs Реал Мадрид,Ла Лига (Испания),2026-04-04,17:15,Исход,Победа хозяев,0.2351,5.71,0.1751,0.0666,0.0,📊 ИНФО,0.0,2026-04-04T01:11:00
Бетис vs Барселона,Ла Лига (Испания),2026-04-04,19:30,Тотал,Больше 2.5,0.6081,1.96,0.5181,0.1056,15.0,✅ СРЕДНЯЯ,55.3,2026-04-04T01:15:29
Club Atlético de Madrid vs Барселона,Ла Лига (Испания),2026-04-04,22:00,Тотал,Больше 3.5,0.5975,2.34,0.4274,0.1975,0.0,📊 ИНФО,0.0,2026-04-04T01:19:30
Сассуоло vs Кальяри,Серия А (Италия),2026-04-04,16:00,Исход,Победа хозяев,0.5539,2.03,0.4926,0.0776,0.0,📊 ИНФО,0.0,2026-04-04T01:23:59
Верона vs Фиорентина,Серия А (Италия),2026-04-04,19:00,Исход,Победа хозяев,0.4292,4.17,0.2398,0.1974,0.0,📊 ИНФО,0.0,2026-04-04T01:28:28
Лацио vs Парма,Серия А (Италия),2026-04-04,21:45,Исход,Победа гостей,0.2313,5.16,0.1938,0.0442,0.0,📊 ИНФО,0.0,2026-04-04T01:33:02
Байер vs Вольфсбург,Бундеслига (Германия),2026-04-04,16:30,Исход,Победа хозяев,0.6818,1.44,0.6944,0.0136,0.0,📊 ИНФО,0.0,2026-04-04T01:37:31
Фрайбург vs Bayern München,Бундеслига (Германия),2026-04-04,16:30,Исход,Победа хозяев,0.4025,6.52,0.1534,0.255,0.0,📊 ИНФО,0.0,2026-04-04T01:40:16
Боруссия М vs Хайденхайм,Бундеслига (Германия),2026-04-04,16:30,Исход,Ничья,0.2445,4.47,0.2237,0.0289,0.0,📊 ИНФО,0.0,2026-04-04T01:42:39
Хоффенхайм vs Майнц,Бундеслига (Германия),2026-04-04,16:30,Исход,Победа гостей,0.2437,4.64,0.2155,0.0357,0.0,📊 ИНФО,0.0,2026-04-04T01:45:00
Вердер vs РБ Лейпциг,Бундеслига (Германия),2026-04-04,16:30,Исход,Победа хозяев,0.5593,3.68,0.2717,0.2971,0.0,📊 ИНФО,0.0,2026-04-04T01:47:20
Гамбург vs Аугсбург,Бундеслига (Германия),2026-04-04,16:30,Исход,Победа хозяев,0.6045,2.31,0.4329,0.1856,0.0,📊 ИНФО,0.0,2026-04-04T01:49:41
Штутгарт vs Боруссия Д,Бундеслига (Германия),2026-04-04,19:30,Исход,Победа хозяев (1),0.5318,2.4,0.431,0.1146,14.8,📌 НИЗКАЯ,43.9,2026-04-04T01:52:02
Реал Сосьедад vs Levante UD,Ла Лига (Испания),2026-04-04,15:00,Исход,Победа хозяев,0.6193,1.62,0.6173,0.0218,0.0,📊 ИНФО,0.0,2026-04-04T11:42:27
Мальорка vs Реал Мадрид,Ла Лига (Испания),2026-04-04,17:15,Исход,Победа хозяев,0.2351,5.71,0.1751,0.0659,0.0,📊 ИНФО,0.0,2026-04-04T11:44:49
Бетис vs Барселона,Ла Лига (Испания),2026-04-04,19:30,Тотал,Больше 2.5,0.6094,1.96,0.5181,0.1043,15.19,✅ СРЕДНЯЯ,55.0,2026-04-04T11:47:17
Club Atlético de Madrid vs Барселона,Ла Лига (Испания),2026-04-04,22:00,Угловые,Больше 8.5,0.6381,1.72,0.5814,0.0974,10.17,✅ СРЕДНЯЯ,55.3,2026-04-04T11:49:08
Club Atlético de Madrid vs Барселона,Ла Лига (Испания),2026-04-04,22:00,Угловые,Больше 9.5,0.534,2.23,0.4484,0.1169,11.63,📌 НИЗКАЯ,44.7,2026-04-04T11:49:08
Club Atlético de Madrid vs Барселона,Ла Лига (Испания),2026-04-04,22:00,Тотал,Больше 3.5,0.5159,2.34,0.4274,0.1159,11.6,📌 НИЗКАЯ,43.0,2026-04-04T11:49:08
Club Atlético de Madrid vs Барселона,Ла Лига (Испания),2026-04-04,22:00,Тотал 1Т,Больше 1.5,0.5258,2.2,0.4545,0.1031,9.8,📌 НИЗКАЯ,40.0,2026-04-04T11:49:08
Club Atlético de Madrid vs Барселона,Ла Лига (Испания),2026-04-04,22:00,Обе забьют,Да,0.6716,1.53,0.6536,0.0637,3.89,📌 НИЗКАЯ,39.8,2026-04-04T11:49:08
Club Atlético de Madrid vs Барселона,Ла Лига (Испания),2026-04-04,22:00,Угловые хозяев,Больше 4.5,0.5996,1.75,0.5714,0.0682,4.93,📌 НИЗКАЯ,35.4,2026-04-04T11:49:08
Сассуоло vs Кальяри,Серия А (Италия),2026-04-04,16:00,Исход,Победа хозяев,0.5539,2.1,0.4762,0.0913,0.0,📊 ИНФО,0.0,2026-04-04T11:51:46
Верона vs Фиорентина,Серия А (Италия),2026-04-04,19:00,Исход,Победа хозяев,0.4292,4.12,0.2427,0.1932,0.0,📊 ИНФО,0.0,2026-04-04T11:54:07
Лацио vs Парма,Серия А (Италия),2026-04-04,21:45,Исход,Победа хозяев,0.5619,1.87,0.5348,0.0429,0.0,📊 ИНФО,0.0,2026-04-04T11:56:28
Байер vs Вольфсбург,Бундеслига (Германия),2026-04-04,16:30,Исход,Победа хозяев,0.6818,1.44,0.6944,0.0092,0.0,📊 ИНФО,0.0,2026-04-04T11:58:49
Фрайбург vs Bayern München,Бундеслига (Германия),2026-04-04,16:30,Исход,Победа хозяев,0.4025,6.32,0.1582,0.2495,0.0,📊 ИНФО,0.0,2026-04-04T12:01:10
Боруссия М vs Хайденхайм,Бундеслига (Германия),2026-04-04,16:30,Исход,Ничья,0.2445,4.51,0.2217,0.0299,0.0,📊 ИНФО,0.0,2026-04-04T12:03:34
Хоффенхайм vs Майнц,Бундеслига (Германия),2026-04-04,16:30,Исход,Победа гостей,0.2437,4.49,0.2227,0.0281,0.0,📊 ИНФО,0.0,2026-04-04T12:05:55
Вердер vs РБ Лейпциг,Бундеслига (Германия),2026-04-04,16:30,Исход,Победа хозяев,0.5593,3.74,0.2674,0.2997,0.0,📊 ИНФО,0.0,2026-04-04T12:08:16
Гамбург vs Аугсбург,Бундеслига (Германия),2026-04-04,16:30,Тотал,Больше 2.5,0.6164,1.88,0.5405,0.0883,13.53,✅ СРЕДНЯЯ,50.8,2026-04-04T12:10:37
Штутгарт vs Боруссия Д,Бундеслига (Германия),2026-04-04,19:30,Исход,Победа хозяев (1),0.5338,2.36,0.4348,0.111,14.33,📌 НИЗКАЯ,43.0,2026-04-04T12:13:05
Страсбур vs Ницца,Лига 1 (Франция),2026-04-04,18:00,Исход,Победа гостей,0.2749,4.02,0.2488,0.0335,0.0,📊 ИНФО,0.0,2026-04-04T12:15:26
Брест vs Ренн,Лига 1 (Франция),2026-04-04,20:00,Тотал,Больше 2.5,0.654,1.72,0.5814,0.1103,13.02,✅ СРЕДНЯЯ,60.4,2026-04-04T12:17:50
Брест vs Ренн,Лига 1 (Франция),2026-04-04,20:00,Обе забьют,Да,0.6402,1.64,0.6098,0.0732,5.86,✅ СРЕДНЯЯ,48.2,2026-04-04T12:17:50
Брест vs Ренн,Лига 1 (Франция),2026-04-04,20:00,Угловые,Больше 8.5,0.5558,2.22,0.4505,0.1369,14.38,📌 НИЗКАЯ,46.5,2026-04-04T12:17:50
Брест vs Ренн,Лига 1 (Франция),2026-04-04,20:00,Угловые хозяев,Больше 4.5,0.5277,2.38,0.4202,0.1369,13.91,📌 НИЗКАЯ,44.2,2026-04-04T12:17:50
Лилль vs Ланс,Лига 1 (Франция),2026-04-04,22:05,Исход,Победа хозяев,0.5328,3.02,0.3311,0.2103,0.0,📊 ИНФО,0.0,2026-04-04T12:20:12
São Paulo vs Cruzeiro EC,Жюпиле Про Лига (Бельгия),2026-04-05,00:30,Угловые хозяев,Больше 4.5,0.6311,1.76,0.5682,0.1027,10.93,✅ СРЕДНЯЯ,56.3,2026-04-04T12:22:42
São Paulo vs Cruzeiro EC,Жюпиле Про Лига (Бельгия),2026-04-05,00:30,Тотал,Больше 2.5,0.5822,1.86,0.5376,0.0808,7.22,✅ СРЕДНЯЯ,45.8,2026-04-04T12:22:42
São Paulo vs Cruzeiro EC,Жюпиле Про Лига (Бельгия),2026-04-05,00:30,Угловые,Больше 8.5,0.5605,1.96,0.5102,0.086,7.69,📌 НИЗКАЯ,37.6,2026-04-04T12:22:42
Coritiba FBC vs Fluminense,Жюпиле Про Лига (Бельгия),2026-04-05,02:30,Фора 0,Хозяева (Ф0),0.6788,1.57,0.6369,0.0864,8.64,✅ СРЕДНЯЯ,55.2,2026-04-04T12:25:11
Coritiba FBC vs Fluminense,Жюпиле Про Лига (Бельгия),2026-04-05,02:30,Угловые хозяев,Больше 4.5,0.5458,2.13,0.4695,0.1092,10.79,📌 НИЗКАЯ,43.4,2026-04-04T12:25:11
Coritiba FBC vs Fluminense,Жюпиле Про Лига (Бельгия),2026-04-05,02:30,Исход,Победа хозяев (1),0.5393,2.11,0.4739,0.0959,9.31,📌 НИЗКАЯ,38.9,2026-04-04T12:25:11
Coritiba FBC vs Fluminense,Жюпиле Про Лига (Бельгия),2026-04-05,02:30,Угловые,Больше 8.5,0.5472,1.91,0.5236,0.0603,3.73,📌 НИЗКАЯ,28.9,2026-04-04T12:25:11
CR Vasco da Gama vs Botafogo FR,Жюпиле Про Лига (Бельгия),2026-04-05,03:00,Обе забьют,Да,0.5355,2.05,0.4878,0.0819,6.99,📌 НИЗКАЯ,34.4,2026-04-04T12:27:35
Хетафе vs Атлетик Бильбао,Ла Лига (Испания),2026-04-05,15:00,Исход,Победа гостей,0.2998,5.31,0.1883,0.1232,0.0,📊 ИНФО,0.0,2026-04-05T15:35:22
Валенсия vs Сельта,Ла Лига (Испания),2026-04-05,17:15,Исход,Победа гостей,0.3474,3.29,0.304,0.0518,0.0,📊 ИНФО,0.0,2026-04-05T15:37:44
Реал Овьедо vs Севилья,Ла Лига (Испания),2026-04-05,19:30,Исход,Победа хозяев,0.5041,2.8,0.3571,0.1564,0.0,📊 ИНФО,0.0,2026-04-05T15:40:06
Deportivo Alavés vs Осасуна,Ла Лига (Испания),2026-04-05,22:00,Исход,Победа хозяев,0.4544,2.74,0.365,0.0992,0.0,📊 ИНФО,0.0,2026-04-05T15:42:28
Кремонезе vs Болонья,Серия А (Италия),2026-04-05,16:00,Исход,Победа хозяев,0.484,3.65,0.274,0.2178,0.0,📊 ИНФО,0.0,2026-04-05T15:44:50
Пиза vs Торино,Серия А (Италия),2026-04-05,19:00,Исход,Победа хозяев,0.6164,3.44,0.2907,0.3333,0.0,📊 ИНФО,0.0,2026-04-05T15:47:13
Интер vs Рома,Серия А (Италия),2026-04-05,21:45,Тотал,Больше 2.5,0.6129,1.96,0.5181,0.1077,15.72,✅ СРЕДНЯЯ,56.3,2026-04-05T15:49:41
Унион Берлин vs Санкт-Паули,Бундеслига (Германия),2026-04-05,16:30,Исход,Победа хозяев,0.5339,2.09,0.4785,0.0686,0.0,📊 ИНФО,0.0,2026-04-05T15:52:02
Айнтрахт vs 1. Köln,Бундеслига (Германия),2026-04-05,18:30,Исход,Победа хозяев,0.553,1.97,0.5076,0.0591,0.0,📊 ИНФО,0.0,2026-04-05T15:54:23
Анже vs Лион,Лига 1 (Франция),2026-04-05,16:00,Исход,Победа хозяев,0.502,5.72,0.1748,0.3322,0.0,📊 ИНФО,0.0,2026-04-05T15:56:44
Мец vs Нант,Лига 1 (Франция),2026-04-05,18:15,Исход,Победа хозяев,0.4964,3.0,0.3333,0.172,0.0,📊 ИНФО,0.0,2026-04-05T15:59:05
Гавр vs Осер,Лига 1 (Франция),2026-04-05,18:15,Исход,Победа хозяев,0.4867,2.48,0.4032,0.0943,0.0,📊 ИНФО,0.0,2026-04-05T16:01:27
Лорьян vs ПСЖ,Лига 1 (Франция),2026-04-05,18:15,Исход,Победа хозяев,0.5439,2.45,0.4082,0.1468,0.0,📊 ИНФО,0.0,2026-04-05T16:04:09
Монако vs Марсель,Лига 1 (Франция),2026-04-05,21:45,Исход,Победа гостей,0.3396,3.31,0.3021,0.046,0.0,📊 ИНФО,0.0,2026-04-05T16:06:36
CR Vasco da Gama vs Botafogo FR,Жюпиле Про Лига (Бельгия),2026-04-05,03:00,Обе забьют,Да,0.5355,2.05,0.4878,0.0819,6.99,📌 НИЗКАЯ,34.4,2026-04-05T16:09:00
Chapecoense AF vs EC Vitória,Жюпиле Про Лига (Бельгия),2026-04-05,22:00,📊 xG прогноз,Победа хозяев  |  xG 2.2:1.0,0.6194,0.0,0.6194,0.0,0.0,📊 ИНФО,0.0,2026-04-05T16:11:29
CR Flamengo vs Santos,Жюпиле Про Лига (Бельгия),2026-04-05,23:30,📊 xG прогноз,Победа хозяев  |  xG 1.7:1.1,0.5171,0.0,0.5171,0.0,0.0,📊 ИНФО,0.0,2026-04-05T16:13:52
CA Mineiro vs CA Paranaense,Жюпиле Про Лига (Бельгия),2026-04-05,23:30,Угловые,Больше 8.5,0.6072,1.7,0.5882,0.0602,3.46,📌 НИЗКАЯ,33.6,2026-04-05T16:16:15
EC Bahia vs SE Palmeiras,Жюпиле Про Лига (Бельгия),2026-04-06,01:30,📊 xG прогноз,Победа гостей  |  xG 1.2:1.6,0.4529,0.0,0.4529,0.0,0.0,📊 ИНФО,0.0,2026-04-05T16:18:49
SC Corinthians Paulista vs Насьонал,Жюпиле Про Лига (Бельгия),2026-04-06,01:30,Фора 0,Хозяева (Ф0),0.5822,1.84,0.5435,0.0768,6.36,✅ СРЕДНЯЯ,44.6,2026-04-05T16:21:18
SC Corinthians Paulista vs Насьонал,Жюпиле Про Лига (Бельгия),2026-04-06,01:30,Угловые хозяев,Больше 4.5,0.5192,2.27,0.4405,0.1096,10.55,📌 НИЗКАЯ,41.4,2026-04-05T16:21:18
SC Corinthians Paulista vs Насьонал,Жюпиле Про Лига (Бельгия),2026-04-06,01:30,Угловые,Больше 8.5,0.588,1.79,0.5587,0.0684,4.98,📌 НИЗКАЯ,34.6,2026-04-05T16:21:18
Mirassol vs Брага,Жюпиле Про Лига (Бельгия),2026-04-06,02:00,Угловые,Больше 9.5,0.5573,1.93,0.5181,0.0754,6.09,📌 НИЗКАЯ,34.2,2026-04-05T16:23:40
Mirassol vs Брага,Жюпиле Про Лига (Бельгия),2026-04-06,02:00,Угловые гостей,Больше 4.5,0.5147,2.16,0.463,0.0841,7.22,📌 НИЗКАЯ,33.4,2026-04-05T16:23:40
Grêmio FBPA vs Clube do Remo,Жюпиле Про Лига (Бельгия),2026-04-06,02:30,Исход,Ничья,0.2373,4.53,0.2208,0.0312,0.0,📊 ИНФО,0.0,2026-04-05T16:26:10
